IDC ?,机柜 ?,宿主机 ?,SN ?,是外借,OS?,配置,型号,IP(外网)?,IP(内网)?,ant?,业务名称?,模块名称?,使用人?,,,,
北京市-大兴区-亦庄电信通,,10.142.141.11,10.142.128.102,Ansible master <SEE@le.com>,SCM,,,,,,,,,,,,
北京市-大兴区-亦庄电信通,,10.142.141.11,10.142.128.116,,,,,,,,,,,,,,
北京市-大兴区-亦庄电信通,,10.142.141.11,10.142.128.118,雷小锋 <Xflei@letv.com>,TV,,,,,,,,,,,,
北京市-大兴区-亦庄电信通,,10.142.141.11,10.142.128.109,张昭 <zhangzhao5@letv.com>,VR,,,,,,,,,,,,
北京市-大兴区-亦庄电信通,,10.142.141.11,10.142.128.110,修国明 <xiuguoming@letv.com>,相机,,,,,,,,,,,,
北京市-大兴区-亦庄电信通,,10.142.141.11,10.142.128.113,,,,,,,,,,,,,,
北京市-大兴区-亦庄电信通,,10.142.141.11,10.142.128.114,,,,,,,,,,,,,,
北京市-大兴区-亦庄电信通,,10.142.141.11,10.142.128.115,,,,,,,,,,,,,,
北京市-大兴区-亦庄电信通,,10.142.141.12,10.142.128.103,Ansible master <SEE@le.com>,SCM,,,,,,,,,,,,
北京市-大兴区-亦庄电信通,,10.142.141.12,10.142.128.104,Ansible master <SEE@le.com>,SCM,,,,,,,,,,,,
北京市-大兴区-亦庄电信通,,10.142.141.12,10.142.128.112,Emma Ren <renyan@le.com>,SCM,,,,,,,,,,,,
北京市-大兴区-亦庄电信通,,10.142.141.12,10.142.128.106,孙博 <sunbo@le.com>,SCM,,,,,,,,,,,,
北京市-大兴区-亦庄电信通,,10.142.141.12,10.142.128.107,Emma Ren <renyan@le.com>,SCM,,,,,,,,,,,,
北京市-大兴区-亦庄电信通,,10.142.141.12,10.142.128.108,,,,,,,,,,,,,,
北京市-大兴区-亦庄电信通,,10.142.141.12,10.142.128.111,,,,,,,,,,,,,,
北京市-大兴区-亦庄电信通,,10.142.141.12,10.142.128.117,陈永华 <chenyonghua@le.com>,VR,,,,,,,,,,,,
北京市-大兴区-亦庄电信通,,10.142.141.13,10.142.128.161,,,,,,,,,,,,,,
北京市-大兴区-亦庄电信通,,10.142.141.13,10.142.128.162,,,,,,,,,,,,,,
北京市-大兴区-亦庄电信通,,10.142.141.13,10.142.128.163,,,,,,,,,,,,,,
北京市-大兴区-亦庄电信通,,10.142.141.13,10.142.128.164,高丰1 <gaofeng1@le.com>,相机,,,,,,,,,,,,
北京市-大兴区-亦庄电信通,,10.142.141.13,10.142.128.165,,,,,,,,,,,,,,
北京市-大兴区-亦庄电信通,,10.142.141.13,10.142.128.166,张鹏7 <zhangpeng7@letv.com>,相机,,,,,,,,,,,,
北京市-大兴区-亦庄电信通,,10.142.141.13,10.142.128.167,,,,,,,,,,,,,,
北京市-大兴区-亦庄电信通,,10.142.141.13,10.142.128.168,,,,,,,,,,,,,,
北京市-大兴区-亦庄电信通,,10.142.141.21,10.142.128.169,,,,,,,,,,,,,,
北京市-大兴区-亦庄电信通,,10.142.141.21,10.142.128.170,潘洪 <panhong@letv.com>,多媒体,,,,,,,,,,,,
北京市-大兴区-亦庄电信通,,10.142.141.21,10.142.128.171,崔建勇 <cuijianyong@letv.com>,多媒体,,,,,,,,,,,,
北京市-大兴区-亦庄电信通,,10.142.141.21,10.142.128.172,,,,,,,,,,,,,,
北京市-大兴区-亦庄电信通,,10.142.141.21,10.142.128.173,,,,,,,,,,,,,,
北京市-大兴区-亦庄电信通,,10.142.141.21,10.142.128.174,,,,,,,,,,,,,,
北京市-大兴区-亦庄电信通,,10.142.141.21,10.142.128.175,,,,,,,,,,,,,,
北京市-大兴区-亦庄电信通,,10.142.141.21,10.142.128.176,,,,,,,,,,,,,,
北京市-大兴区-亦庄电信通,,10.142.141.22,10.142.128.119,张奎 <zhangkui@letv.com>,TV,,,,,,,,,,,,
北京市-大兴区-亦庄电信通,,10.142.141.22,10.142.128.122,,,,,,,,,,,,,,
北京市-大兴区-亦庄电信通,,10.142.141.22,10.142.128.124,杨亮 <yangliang@letv.com>,Mobile,,,,,,,,,,,,
北京市-大兴区-亦庄电信通,,10.142.141.22,10.142.128.126,,,,,,,,,,,,,,
北京市-大兴区-亦庄电信通,,10.142.141.22,10.142.128.128,田建恒 <tianjianheng@letv.com>,Mobile,,,,,,,,,,,,
北京市-大兴区-亦庄电信通,,10.142.141.22,10.142.128.129,,,,,,,,,,,,,,
北京市-大兴区-亦庄电信通,,10.142.141.22,10.142.128.130,,,,,,,,,,,,,,
北京市-大兴区-亦庄电信通,,10.142.141.22,10.142.128.132,,,,,,,,,,,,,,
北京市-大兴区-亦庄电信通,,10.142.141.23,10.142.128.120,,,,,,,,,,,,,,
北京市-大兴区-亦庄电信通,,10.142.141.23,10.142.128.121,,,,,,,,,,,,,,
北京市-大兴区-亦庄电信通,,10.142.141.23,10.142.128.123,,,,,,,,,,,,,,
北京市-大兴区-亦庄电信通,,10.142.141.23,10.142.128.125,,,,,,,,,,,,,,
北京市-大兴区-亦庄电信通,,10.142.141.23,10.142.128.127,,,,,,,,,,,,,,
北京市-大兴区-亦庄电信通,,10.142.141.23,10.142.128.131,,,,,,,,,,,,,,
北京市-大兴区-亦庄电信通,,10.142.141.23,10.142.128.133,,,,,,,,,,,,,,
北京市-大兴区-亦庄电信通,,10.142.141.23,10.142.128.134,,,,,,,,,,,,,,
,,,,,,,,,,,,,,,,,
2016/3/17 - 6x8,,,,,,,,,,,,,,,,,
IDC ?,机柜,宿主机 ?,SN ?,是外借,OS?,配置  ,型号,IP(外网)?,IP(内网)?,ant?,业务名称?,模块名称?,使用人?,,,,
北京市-大兴区-亦庄电信通,E16,10.142.141.18,10.142.128.184,蔡长水 <caichangshui@le.com>,Mobile,,,深圳,10.142.128.184,1,致新业务,致新android编译,Tao LEI（雷涛）(leitao@letv.com),,,,
北京市-大兴区-亦庄电信通,E16,10.142.141.14,10.142.128.182,伍志刚 <wuzhigang@le.com>,多媒体,,,,10.142.128.182,2,致新业务,致新android编译,Tao LEI（雷涛）(leitao@letv.com),,,,
北京市-大兴区-亦庄电信通,E16,10.142.141.17,10.142.128.181,刘晓莉 <liuxiaoli@le.com>,多媒体,,,,10.142.128.181,3,致新业务,致新android编译,Tao LEI（雷涛）(leitao@letv.com),,,,
北京市-大兴区-亦庄电信通,E16,10.142.141.16,10.142.128.183,范小军 <fanxiaojun@le.com>,Mobile,,,,10.142.128.183,4,致新业务,致新android编译,Tao LEI（雷涛）(leitao@letv.com),,,,
北京市-大兴区-亦庄电信通,E16,10.142.141.15,10.142.128.180,吴小勇 <wuxiaoyong@le.com>,多媒体,,,,10.142.128.180,5,致新业务,致新android编译,Tao LEI（雷涛）(leitao@letv.com),,,,
北京市-大兴区-亦庄电信通,E17,10.142.141.25,10.142.128.147,温冬寒 <wendonghan@le.com>,多媒体,,,,10.142.128.147,6,致新业务,致新android编译,Tao LEI（雷涛）(leitao@letv.com),,,,
北京市-大兴区-亦庄电信通,E17,10.142.141.28,10.142.128.151,王金来 <wangjinlai@le.com>,TV,,,深圳,10.142.128.151,7,致新业务,致新android编译,Tao LEI（雷涛）(leitao@letv.com),,,,
北京市-大兴区-亦庄电信通,E17,10.142.141.24,10.142.128.156,庄锦灿 <zhuangjincan@le.com>,Mobile,,,,10.142.128.156,8,致新业务,致新android编译,Tao LEI（雷涛）(leitao@letv.com),,,,
北京市-大兴区-亦庄电信通,E17,10.142.141.27,10.142.128.149,黄强 <huangqiang@le.com>,Mobile,,,,10.142.128.149,9,致新业务,致新android编译,Tao LEI（雷涛）(leitao@letv.com),,,,
北京市-大兴区-亦庄电信通,E17,10.142.141.26,10.142.128.146,陈奇 <chenqi@le.com>,Mobile,,,深圳,10.142.128.146,10,致新业务,致新android编译,Tao LEI（雷涛）(leitao@letv.com),,,,
北京市-大兴区-亦庄电信通,E17,10.142.141.25,10.142.128.141,钱隆 <qianlong@le.com>,Mobile,,,,10.142.128.141,11,致新业务,致新android编译,Tao LEI（雷涛）(leitao@letv.com),,,,
北京市-大兴区-亦庄电信通,E17,10.142.141.28,10.142.128.150,高文 <gaowen@le.com>,Mobile,,,,10.142.128.150,12,致新业务,致新android编译,Tao LEI（雷涛）(leitao@letv.com),,,,
北京市-大兴区-亦庄电信通,E17,10.142.141.24,10.142.128.153,黄学敏 <huangxuemin@le.com>,Mobile,,,,10.142.128.153,13,致新业务,致新android编译,Tao LEI（雷涛）(leitao@letv.com),,,,
北京市-大兴区-亦庄电信通,E17,10.142.141.27,10.142.128.142,汤志伟 <tangzhiwei@le.com>,Mobile,,,,10.142.128.142,14,致新业务,致新android编译,Tao LEI（雷涛）(leitao@letv.com),,,,
北京市-大兴区-亦庄电信通,E17,10.142.141.26,10.142.128.144,牛素芬 <niusufen@letv.com>,Mobile,,,,10.142.128.144,15,致新业务,致新android编译,Tao LEI（雷涛）(leitao@letv.com),,,,
北京市-大兴区-亦庄电信通,E17,10.142.141.25,10.142.128.148,曹其鹏 <caoqipeng@le.com>,Mobile,,,,10.142.128.148,16,致新业务,致新android编译,Tao LEI（雷涛）(leitao@letv.com),,,,
北京市-大兴区-亦庄电信通,E17,10.142.141.28,10.142.128.155,石伟兴 <shiweixing@le.com>,VR,,,,10.142.128.155,17,致新业务,致新android编译,Tao LEI（雷涛）(leitao@letv.com),,,,
北京市-大兴区-亦庄电信通,E17,10.142.141.24,10.142.128.15,夏维 <xiawei@le.com>,TV,,,,10.142.128.15,18,致新业务,致新android编译,Tao LEI（雷涛）(leitao@letv.com),,,,
北京市-大兴区-亦庄电信通,E17,10.142.141.27,10.142.128.152,黄波 <huangbo@letv.com>,VR,,,,10.142.128.152,19,致新业务,致新android编译,Tao LEI（雷涛）(leitao@letv.com),,,,
北京市-大兴区-亦庄电信通,E17,10.142.141.26,10.142.128.14,Hong Cao(曹虹) <caohong@le.com>,多媒体,,,,10.142.128.14,20,致新业务,致新android编译,Tao LEI（雷涛）(leitao@letv.com),,,,
北京市-大兴区-亦庄电信通,E17,10.142.141.25,10.142.128.138,黄波 <huangbo@letv.com>,VR,,,,10.142.128.138,21,致新业务,致新android编译,Tao LEI（雷涛）(leitao@letv.com),,,,
北京市-大兴区-亦庄电信通,E17,10.142.141.26,10.142.128.10,Duran DU(杜书印) <dushuyin@le.com>,EUI Auto,,,,10.142.128.10,22,致新业务,致新android编译,Tao LEI（雷涛）(leitao@letv.com),,,,
北京市-大兴区-亦庄电信通,E17,10.142.141.26,10.142.128.11,安立久 <anlijiu@le.com>,EUI Auto,,,,10.142.128.11,23,致新业务,致新android编译,Tao LEI（雷涛）(leitao@letv.com),,,,
北京市-大兴区-亦庄电信通,E17,10.142.141.25,10.142.128.12,廖旭旺 <liaoxuwang@le.com>,EUI Auto,,,,10.142.128.12,24,致新业务,致新android编译,Tao LEI（雷涛）(leitao@letv.com),,,,
北京市-大兴区-亦庄电信通,E17,10.142.141.27,10.142.128.13,韩昆鹏 <hankunpeng@le.com>,EUI Auto,,,,10.142.128.13,25,致新业务,致新android编译,Tao LEI（雷涛）(leitao@letv.com),,,,
北京市-大兴区-亦庄电信通,E17,10.142.141.28,10.142.128.143,卫福兴 <weifuxing@le.com>,车机,,,,10.142.128.143,26,致新业务,致新android编译,Tao LEI（雷涛）(leitao@letv.com),,,,
北京市-大兴区-亦庄电信通,E17,10.142.141.24,10.142.128.137,余绍鹏 <yushaopeng@le.com>,EUI TV,,,,10.142.128.137,27,致新业务,致新android编译,Tao LEI（雷涛）(leitao@letv.com),,,,
北京市-大兴区-亦庄电信通,E17,10.142.141.27,10.142.128.139,仝永辉 <tongyonghui@le.com>,EUI TV,,,,10.142.128.139,28,致新业务,致新android编译,Tao LEI（雷涛）(leitao@letv.com),,,,
北京市-大兴区-亦庄电信通,E17,10.142.141.26,10.142.128.140,潘峰 <panfeng@le.com>,EUI TV,,,,10.142.128.140,29,致新业务,致新android编译,Tao LEI（雷涛）(leitao@letv.com),,,,
北京市-大兴区-亦庄电信通,E17,10.142.141.25,10.142.128.136,许端 <xuduan@le.com>,EUI TV,,,,10.142.128.136,30,致新业务,致新android编译,Tao LEI（雷涛）(leitao@letv.com),,,,
北京市-大兴区-亦庄电信通,E17,10.142.141.28,10.142.128.145,闫涛 <yantao@le.com>,EUI TV,,,,10.142.128.145,31,致新业务,致新android编译,Tao LEI（雷涛）(leitao@letv.com),,,,
北京市-大兴区-亦庄电信通,E17,10.142.141.24,10.142.128.154,于水龙 <yushuilong@le.com>,EUI TV,,,,10.142.128.154,32,致新业务,致新android编译,Tao LEI（雷涛）(leitao@letv.com),,,,
北京市-大兴区-亦庄电信通,E17,10.142.141.28,10.142.128.135,肖希哲 <xiaoxizhe@le.com>,EUI TV,,,,10.142.128.135,33,致新业务,致新android编译,Tao LEI（雷涛）(leitao@letv.com),,,,
北京市-大兴区-亦庄电信通,E17,10.142.141.24,10.142.128.100,Chengzhi Gong(宫成志) <gongcz@le.com>,EUI TV,,,,10.142.128.100,34,致新业务,致新android编译,Tao LEI（雷涛）(leitao@letv.com),,,,
北京市-大兴区-亦庄电信通,E17,10.142.141.27,10.142.128.101,黄鹏 <huangpeng@le.com>,EUI TV,,,,10.142.128.101,35,致新业务,致新android编译,Tao LEI（雷涛）(leitao@letv.com),,,,
北京市-大兴区-亦庄电信通,E17,10.142.141.25,10.142.128.105,张贺 <zhanghe@le.com>,EUI TV,,,,10.142.128.105,36,致新业务,致新android编译,Tao LEI（雷涛）(leitao@letv.com),,,,
北京市-大兴区-亦庄电信通,E17,10.142.141.28,10.142.128.99,赵明阳 <zhaomingyang@le.com>,EUI TV,,,,10.142.128.99,37,致新业务,致新android编译,Tao LEI（雷涛）(leitao@letv.com),,,,
北京市-大兴区-亦庄电信通,E17,10.142.141.24,10.142.128.97,汤海波 <tanghaibo@le.com>,EUI VR,,,,10.142.128.97,38,致新业务,致新android编译,Tao LEI（雷涛）(leitao@letv.com),,,,
北京市-大兴区-亦庄电信通,E17,10.142.141.27,10.142.128.98,初超 <chuchao@le.com>,EUI VR,,,,10.142.128.98,39,致新业务,致新android编译,Tao LEI（雷涛）(leitao@letv.com),,,,
北京市-大兴区-亦庄电信通,E17,10.142.141.25,10.142.128.96,高国威 <gaoguowei@le.com>,EUI VR,,,,10.142.128.96,40,致新业务,致新android编译,Tao LEI（雷涛）(leitao@letv.com),,,,
北京市-大兴区-亦庄电信通,E16,10.142.141.14,10.142.128.88,孙鹏 <sunpeng@le.com>,Mobile,,,,10.142.128.88,41,致新业务,致新android编译,Tao LEI（雷涛）(leitao@letv.com),,,,
北京市-大兴区-亦庄电信通,E16,10.142.141.16,10.142.128.85,郭鹏宇 <guopengyu@le.com>,TV,,,,10.142.128.85,42,致新业务,致新android编译,Tao LEI（雷涛）(leitao@letv.com),,,,
北京市-大兴区-亦庄电信通,E16,10.142.141.14,10.142.128.86,朱宏伟 <zhuhongwei@le.com>,EUI Mobile,,,,10.142.128.86,43,致新业务,致新android编译,Tao LEI（雷涛）(leitao@letv.com),,,,
北京市-大兴区-亦庄电信通,E16,10.142.141.17,10.142.128.89,周延献 <zhouyanxian@le.com>,EUI Mobile,,,,10.142.128.89,44,致新业务,致新android编译,Tao LEI（雷涛）(leitao@letv.com),,,,
北京市-大兴区-亦庄电信通,E16,10.142.141.15,10.142.128.84,徐磊1 <xulei1@le.com>,EUI Mobile,,,,10.142.128.84,45,致新业务,致新android编译,Tao LEI（雷涛）(leitao@letv.com),,,,
北京市-大兴区-亦庄电信通,E16,10.142.141.16,10.142.128.90,后国超 <houguochao@le.com>,EUI Mobile,,,,10.142.128.90,46,致新业务,致新android编译,Tao LEI（雷涛）(leitao@letv.com),,,,
北京市-大兴区-亦庄电信通,E16,10.142.141.18,10.142.128.79,黄智昊 <huangzhihao@le.com>,EUI Mobile,,,,10.142.128.79,47,致新业务,致新android编译,Tao LEI（雷涛）(leitao@letv.com),,,,
北京市-大兴区-亦庄电信通,E16,10.142.141.16,10.142.128.78,冯紫华 <fengzihua@le.com>,EUI Mobile,,,,10.142.128.78,48,致新业务,致新android编译,Tao LEI（雷涛）(leitao@letv.com),,,,
,,,,,,,,,,,,,,,,,
2016/3/29 - 2.5x8,SmWa5boh3zQqKA6JevL6,,,,,,,,,,,,,,,,
IDC ?,机柜 ?,宿主机 ?,SN ?,是外借,OS,配置  ,型号?,IP(外网)?,IP(内网)?,ant?,业务名称?,模块名称?,使用人?,,,,
北京市-大兴区-亦庄电信通,E16,10.142.141.14,10.142.128.76,王海路 <wanghailu@le.com>,EUI Mobile,,kvm,,10.142.128.76,1,致新业务,致新android编译,,,,,
北京市-大兴区-亦庄电信通,E16,10.142.141.17,10.142.128.74,李文环 <liwenhuan@le.com>,EUI Mobile,,kvm,,10.142.128.74,2,致新业务,致新android编译,,,,,
北京市-大兴区-亦庄电信通,E16,10.142.141.15,10.142.128.77,王璟瑶 <wangjingyao@le.com>,EUI Mobile,,kvm,,10.142.128.77,3,致新业务,致新android编译,,,,,
北京市-大兴区-亦庄电信通,E16,10.142.141.15,10.142.128.87,赵万祥 <zhaowanxiang@le.com>,EUI Mobile,,kvm,,10.142.128.87,4,致新业务,致新android编译,,,,,
北京市-大兴区-亦庄电信通,E16,10.142.141.18,10.142.128.73,高志鹏 <gaozhipeng@le.com>,EUI Mobile,,kvm,,10.142.128.73,5,致新业务,致新android编译,,,,,
北京市-大兴区-亦庄电信通,E16,10.142.141.16,10.142.128.72,王慧松 <wanghuisong@le.com>,EUI Mobile,,kvm,,10.142.128.72,6,致新业务,致新android编译,,,,,
北京市-大兴区-亦庄电信通,E16,10.142.141.14,10.142.128.82,                       喻满意 <yumanyi@le.com>,SCM,,kvm,,10.142.128.82,7,致新业务,致新android编译,,,,,
北京市-大兴区-亦庄电信通,E16,10.142.141.17,10.142.128.71,江丹 <jiangdan@le.com>,EUI Mobile,,kvm,,10.142.128.71,8,致新业务,致新android编译,,,,,
北京市-大兴区-亦庄电信通,E16,10.142.141.15,10.142.128.80,薛秋实 <xueqiushi@le.com>,EUI Mobile,,kvm,,10.142.128.80,9,致新业务,致新android编译,,,,,
北京市-大兴区-亦庄电信通,E16,10.142.141.17,10.142.128.83,Honglei Yu(于泓磊) <yuhonglei@le.com>,多媒体,,kvm,,10.142.128.83,10,致新业务,致新android编译,,,,,
北京市-大兴区-亦庄电信通,E16,10.142.141.18,10.142.128.69,Jianqiang Tang(唐建强) <tangjianqiang@le.com>,Mobile,,kvm,,10.142.128.69,11,致新业务,致新android编译,,,,,
北京市-大兴区-亦庄电信通,E16,10.142.141.16,10.142.128.70,Kun Du(杜鲲) <dukun@le.com>,TV,,kvm,,10.142.128.70,12,致新业务,致新android编译,,,,,
北京市-大兴区-亦庄电信通,E16,10.142.141.14,10.142.128.66,Xuyu Wang (王旭宇) <wangxuyu@le.com>,TV,,kvm,,10.142.128.66,13,致新业务,致新android编译,,,,,
北京市-大兴区-亦庄电信通,E16,10.142.141.17,10.142.128.68,雷涛 <leitao@le.com>,SCM,,kvm,,10.142.128.68,14,致新业务,致新android编译,,,,,
北京市-大兴区-亦庄电信通,E16,10.142.141.15,10.142.128.67, 乔晓琳 <qiaoxiaolin@le.com>,第三方,,kvm,,10.142.128.67,15,石雪峰,致新android编译,,VNC：MonApr,andbase：MonApr,,
北京市-大兴区-亦庄电信通,E16,10.142.141.18,10.142.128.75, 乔晓琳 <qiaoxiaolin@le.com>,第三方,,kvm,,10.142.128.75,16,石雪峰,致新android编译,,VNC：MonApr,andbase：MonApr,,
北京市-大兴区-亦庄电信通,E16,10.142.141.18,10.142.128.65, 乔晓琳 <qiaoxiaolin@le.com>,第三方,,kvm,,10.142.128.65,17,石雪峰,致新android编译,,VNC：MonApr,andbase：MonApr,,
北京市-大兴区-亦庄电信通,E16,10.142.141.16,10.142.128.63,Jiangang Zhao(赵建刚) <zhaojiangang@le.com>,多媒体,,kvm,,10.142.128.63,18,致新业务,致新android编译,,,,,
北京市-大兴区-亦庄电信通,E16,10.142.141.14,10.142.128.64,Mingyuan Zhang(张明远) <zhangmingyuan@le.com>,TV,,kvm,,10.142.128.64,19,致新业务,致新android编译,,,,,
北京市-大兴区-亦庄电信通,E16,10.142.141.17,10.142.128.61,Xuefeng SHI（石雪峰） <shixuefeng@le.com>,SCM,,kvm,,10.142.128.61,20,致新业务,致新android编译,,,,,
,,,,,,,,,,,,,,,,,
2016/4/27 - 1.25x8=10,SmWa5boh3zQqKA6JevL6,,,,,,,,,,,,,,,,
IDC  ,机柜  ,宿主机  ,SN  ,是外借,OS ,配置  ,型号 ,IP(外网) ,IP(内网) ,nat ,业务名称 ,模块名称 ,使用人?,,,,
北京市-大兴区-亦庄电信通,E16,10.142.141.15,10.142.128.62, 贾世坤 <jiashikun@le.com>,第三方,,kvm,,10.142.128.62,,贾世坤,致新android编译，MTK代码读取,,VNC：WenMay,andbase：WenMay,samba：WenMay,
北京市-大兴区-亦庄电信通,E16,10.142.141.18,10.142.128.81, 贾世坤 <jiashikun@le.com>,第三方,,kvm,,10.142.128.81,,贾世坤,致新android编译，MTK代码读取,,VNC：WenMay,andbase：WenMay,samba：WenMay,
北京市-大兴区-亦庄电信通,E17,10.142.141.26,10.142.128.58, 贾世坤 <jiashikun@le.com>,第三方,,kvm,,10.142.128.58,,贾世坤,致新android编译，MTK代码读取,,VNC：WenMay,andbase：WenMay,samba：WenMay,
北京市-大兴区-亦庄电信通,E17,10.142.141.28,10.142.128.54, 乔晓琳 <qiaoxiaolin@le.com>,第三方,,kvm,,10.142.128.54,,致新业务,致新android编译,富士康员工,VNC：SunJun,andbase：SunJun,samba：SunJun,
北京市-大兴区-亦庄电信通,E17,10.142.141.26,10.142.128.59, 乔晓琳 <qiaoxiaolin@le.com>,第三方,,kvm,,10.142.128.59,,致新业务,致新android编译,富士康员工,VNC：SunJun,andbase：SunJun,samba：SunJun,
北京市-大兴区-亦庄电信通,E17,10.142.141.24,10.142.128.60,Hongwang Li(李洪旺) <lihongwang@le.com>,EUI Mobile,,kvm,,10.142.128.60,,致新业务,致新android编译,,,,,
北京市-大兴区-亦庄电信通,E17,10.142.141.27,10.142.128.57,,,V2 [CPU:8C 内存:16G 硬盘:200G ||高配云主机 ],kvm,,10.142.128.57,,致新业务,致新android编译,,,,,
北京市-大兴区-亦庄电信通,E16,10.142.141.18,10.142.128.52,景韵 <jingyun@le.com>,SCM,V2 [CPU:8C 内存:16G 硬盘:200G ||高配云主机 ],kvm,,10.142.128.52,,致新业务,致新android编译,,,,,
北京市-大兴区-亦庄电信通,E16,10.142.141.16,10.142.128.49,,,V2 [CPU:8C 内存:16G 硬盘:200G ||高配云主机 ],kvm,,10.142.128.49,,致新业务,致新android编译,,,,,
北京市-大兴区-亦庄电信通,E16,10.142.141.14,10.142.128.51,Manish Kumar <manishkumar@le.com>,SCM,,kvm,India,10.142.128.51,,致新业务,致新android编译,,,,,
,,,,,,,,,,,,,,,,,
2016/5/4  - 25x8=200,SmWa5boh3zQqKA6JevL6,,,,,,,,,,,,,虚机类型分类,A1-1；A1-2；A2;等,,
IDC  ,机柜  ,宿主机  ,SN  ,是外借  ,OS ,配置  ,型号 ,IP(外网) ,IP(内网) ,nat ,业务名称 ,模块名称 ,使用人?,,,,
北京市-海淀区-Azure-北京,,10.142.141.37,10.142.129.100,Emma Ren <renyan@le.com>,SCM,,azure,,10.142.129.100,,致新业务,致新android编译,,,,,
北京市-海淀区-Azure-北京,,10.142.141.54,10.142.129.101,Mingyuan Liu (刘明远) <liumingyuan@le.com>,SCM,,azure,,10.142.129.101,,致新业务,致新android编译,,,,,
北京市-海淀区-Azure-北京,,10.142.141.38,10.142.129.102,Dan Liu (刘丹11) <liudan11@le.com>,SCM,,azure,,10.142.129.102,,致新业务,致新android编译,,,,,
北京市-海淀区-Azure-北京,,10.142.141.33,10.142.129.103,Nina Xiao（肖莹） <xiaoying@le.com>,SCM,,azure,,10.142.129.103,,致新业务,致新android编译,,,,,
北京市-海淀区-Azure-北京,,10.142.141.19,10.142.129.104,Chao Zheng (郑超) <zhengchao@le.com>,SCM,,azure,,10.142.129.104,,致新业务,致新android编译,,,,,
北京市-海淀区-Azure-北京,,10.142.141.54,10.142.129.105,Chao Zheng (郑超) <zhengchao@le.com>,SCM,,azure,,10.142.129.105,,致新业务,致新android编译,,,,,
北京市-海淀区-Azure-北京,,10.142.141.52,10.142.129.106,David Lee(李鹏) <davidlee@le.com>,SCM,,azure,,10.142.129.106,,致新业务,致新android编译,,,,,
北京市-海淀区-Azure-北京,,10.142.141.19,10.142.129.107,Xiaolin Qiao(乔晓琳) <qiaoxiaolin@le.com>,SCM,,azure,,10.142.129.107,,致新业务,致新android编译,,,,,
北京市-海淀区-Azure-北京,,10.142.141.35,10.142.129.108,Yun Jing (景韵) <jingyun@le.com>,SCM,,azure,,10.142.129.108,,致新业务,致新android编译,,,,,
北京市-海淀区-Azure-北京,,10.142.141.39,10.142.129.109,Xi Wang(王希颋) <wangxiting@le.com>,SCM,,azure,,10.142.129.109,,致新业务,致新android编译,,,,,
北京市-海淀区-Azure-北京,,10.142.141.32,10.142.129.110,Leilei Wang(王磊磊) <wangleilei@le.com>,TV,,azure,,10.142.129.110,,致新业务,致新android编译,,,,,
北京市-海淀区-Azure-北京,,10.142.141.51,10.142.129.111,Bojian Xiao (肖勃剑) <xiaobojian@le.com>,TV,,azure,,10.142.129.111,,致新业务,致新android编译,,,,,
北京市-海淀区-Azure-北京,,10.142.141.55,10.142.129.112,Jiaming Huang (黄家洺) <huangjiaming@le.com>,TV,,azure,,10.142.129.112,,致新业务,致新android编译,,,,,
北京市-海淀区-Azure-北京,,10.142.141.32,10.142.129.113,Shihui Qu(曲仕辉) <qushihui@le.com>,TV,,azure,,10.142.129.113,,致新业务,致新android编译,,,,,
北京市-海淀区-Azure-北京,,10.142.141.38,10.142.129.114,Pan Luo (罗攀) <luopan@le.com>,TV,,azure,,10.142.129.114,,致新业务,致新android编译,,,,,
北京市-海淀区-Azure-北京,,10.142.141.53,10.142.129.115,Jixiang Zhan(詹吉祥) <zhanjixiang@le.com>,TV,,azure,,10.142.129.115,,致新业务,致新android编译,,,,,
北京市-海淀区-Azure-北京,,10.142.141.34,10.142.129.116,胡强 <huqiang1@le.com>,TV,V2 [CPU:8C 内存:16G 硬盘:200G ||高配云主机 ],azure,预留,10.142.129.116,,致新业务,致新android编译,,,,,
北京市-海淀区-Azure-北京,,10.142.141.34,10.142.129.117,蔡胜强 <caishengqiang@le.com>,TV,V2 [CPU:8C 内存:16G 硬盘:200G ||高配云主机 ],azure,预留,10.142.129.117,,致新业务,致新android编译,,,,,
北京市-海淀区-Azure-北京,,10.142.141.36,10.142.129.118,钱磊 <qianlei@le.com>,TV,V2 [CPU:8C 内存:16G 硬盘:200G ||高配云主机 ],azure,预留,10.142.129.118,,致新业务,致新android编译,,,,,
北京市-海淀区-Azure-北京,,10.142.141.38,10.142.129.119,Qibing Hua(华奇兵) <huaqibing@le.com>,Mobile,,azure,,10.142.129.119,,致新业务,致新android编译,,,,,
北京市-海淀区-Azure-北京,,10.142.141.53,10.142.129.120,Liwei Yang (杨力伟) <yangliwei@le.com>,Mobile,,azure,,10.142.129.120,,致新业务,致新android编译,,,,,
北京市-海淀区-Azure-北京,,10.142.141.39,10.142.129.121,Ningbo Zhou(周宁波) <zhouningbo@le.com>,Mobile,,azure,,10.142.129.121,,致新业务,致新android编译,,,,,
北京市-海淀区-Azure-北京,,10.142.141.55,10.142.129.122,Xufeng An(安旭峰) <anxufeng@le.com>,Mobile,,azure,,10.142.129.122,,致新业务,致新android编译,,,,,
北京市-海淀区-Azure-北京,,10.142.141.31,10.142.129.123,Qin Huang(黄钦) <huangqin@le.com>,Mobile,,azure,预留,10.142.129.123,,致新业务,致新android编译,,,,,
北京市-海淀区-Azure-北京,,10.142.141.19,10.142.129.124,Qin Huang(黄钦) <huangqin@le.com>,Mobile,,azure,预留,10.142.129.124,,致新业务,致新android编译,,,,,
北京市-海淀区-Azure-北京,,10.142.141.35,10.142.129.125,Ming Yang (杨名3) <yangming3@le.com>,Mobile,,azure,,10.142.129.125,,致新业务,致新android编译,,,,,
北京市-海淀区-Azure-北京,,10.142.141.51,10.142.129.126,Yiquan Li (李毅泉) <liyiquan@le.com>,Mobile,,azure,,10.142.129.126,,致新业务,致新android编译,,,,,
北京市-海淀区-Azure-北京,,10.142.141.37,10.142.129.127,Shuchao Gao(高书超) <gaoshuchao@le.com>,Mobile,,azure,,10.142.129.127,,致新业务,致新android编译,,,,,
北京市-海淀区-Azure-北京,,10.142.141.54,10.142.129.128,Baoyi Zhao(赵宝宜) <zhaobaoyi@le.com>,Mobile,,azure,,10.142.129.128,,致新业务,致新android编译,,,,,
北京市-海淀区-Azure-北京,,10.142.141.52,10.142.129.129,Yu Wang(王禹3) <wangyu3@le.com>,Mobile,,azure,预留,10.142.129.129,,致新业务,致新android编译,,,,,
北京市-海淀区-Azure-北京,,10.142.141.34,10.142.129.131,Yu Wang(王禹3) <wangyu3@le.com>,Mobile,,azure,预留,10.142.129.131,,致新业务,致新android编译,,,,,
北京市-海淀区-Azure-北京,,10.142.141.33,10.142.129.132,Yu Wang(王禹3) <wangyu3@le.com>,Mobile,,azure,预留,10.142.129.132,,致新业务,致新android编译,,,,,
北京市-海淀区-Azure-北京,,10.142.141.51,10.142.129.134,Yu Wang(王禹3) <wangyu3@le.com>,Mobile,,azure,预留,10.142.129.134,,致新业务,致新android编译,,,,,
北京市-海淀区-Azure-北京,,10.142.141.52,10.142.129.136,Yu Wang(王禹3) <wangyu3@le.com>,Mobile,,azure,预留,10.142.129.136,,致新业务,致新android编译,,,,,
北京市-海淀区-Azure-北京,,10.142.141.36,10.142.129.137,Yanchao Du(杜彦超) <duyanchao@le.com>,多媒体,,azure,,10.142.129.137,,致新业务,致新android编译,,,,,
北京市-海淀区-Azure-北京,,10.142.141.42,10.142.129.138,Zheng Lin(林征) <linzheng@le.com>,多媒体,,azure,,10.142.129.138,,致新业务,致新android编译,,,,,
北京市-海淀区-Azure-北京,,10.142.141.41,10.142.129.139,,,,azure,,10.142.129.139,,致新业务,致新android编译,,,,,
北京市-海淀区-Azure-北京,,10.142.141.46,10.142.129.140,Jingsong Liu(刘景松) <liujingsong@le.com>,多媒体,,azure,,10.142.129.140,,致新业务,致新android编译,,,,,
北京市-海淀区-Azure-北京,,10.142.141.61,10.142.129.141,David Cai（蔡炜） <caiwei5@le.com>,多媒体,,azure,,10.142.129.141,,致新业务,致新android编译,,,,,
北京市-海淀区-Azure-北京,,10.142.141.29,10.142.129.142,Fiona Dong(董春) <dongchun@le.com>,多媒体,,azure,,10.142.129.142,,致新业务,致新android编译,,,,,
北京市-海淀区-Azure-北京,,10.142.141.48,10.142.129.143,Boyuan Liu(刘博远) <liuboyuan@le.com>,多媒体,,azure,,10.142.129.143,,致新业务,致新android编译,,,,,
北京市-海淀区-Azure-北京,,10.142.141.63,10.142.129.144,Renhua Liu(刘任化) <liurenhua@le.com>,多媒体,,azure,,10.142.129.144,,致新业务,致新android编译,,,,,
北京市-海淀区-Azure-北京,,10.142.141.47,10.142.129.145,Xu Han(韩旭1) <hanxu1@le.com>,多媒体,,azure,,10.142.129.145,,致新业务,致新android编译,,,,,
北京市-海淀区-Azure-北京,,10.142.141.62,10.142.129.146,Xiujing Li(李秀睛) <lixiujing@le.com>,多媒体,,azure,,10.142.129.146,,致新业务,致新android编译,,,,,
北京市-海淀区-Azure-北京,,10.142.141.29,10.142.129.147,Xuekun Zhang(张雪坤) <zhangxuekun@le.com>,多媒体,,azure,,10.142.129.147,,致新业务,致新android编译,,,,,
北京市-海淀区-Azure-北京,,10.142.141.45,10.142.129.148,Jinpeng Yin (尹金鹏) <yinjinpeng@le.com>,TV,,azure,,10.142.129.148,,致新业务,致新android编译,,,,,
北京市-海淀区-Azure-北京,,10.142.141.43,10.142.129.149,Yu Wang  (王宇10) <wangyu10@le.com>,相机,,azure,,10.142.129.149,,致新业务,致新android编译,,,,,
北京市-海淀区-Azure-北京,,10.142.141.41,10.142.129.150,Chunsheng Wang(王春生1) <wangchunsheng1@le.com>,相机,,azure,,10.142.129.150,,致新业务,致新android编译,,,,,
北京市-海淀区-Azure-北京,,10.142.141.47,10.142.129.151,Li Feng(冯莉) <fengli@le.com>,相机,,azure,,10.142.129.151,,致新业务,致新android编译,,,,,
北京市-海淀区-Azure-北京,,10.142.141.65,10.142.129.152,Zhenhua Li(李振华) <lizhenhua@le.com>,相机,,azure,,10.142.129.152,,致新业务,致新android编译,,,,,
北京市-海淀区-Azure-北京,,10.142.141.64,10.142.129.153,Xinghua Ge(葛兴华) <gexinghua@le.com>,Modem,,azure,,10.142.129.153,,致新业务,致新android编译,,,,,
北京市-海淀区-Azure-北京,,10.142.141.44,10.142.129.154,Fantao Meng(孟凡涛) <mengfantao@le.com>,Modem,,azure,,10.142.129.154,,致新业务,致新android编译,,,,,
北京市-海淀区-Azure-北京,,10.142.141.41,10.142.129.155,Fengjie Quan(全奉杰) <quanfengjie@le.com>,Modem,,azure,,10.142.129.155,,致新业务,致新android编译,,,,,
北京市-海淀区-Azure-北京,,10.142.141.65,10.142.129.156,Honglin Huang (黄红林) <huanghonglin@le.com>,TV,,azure,,10.142.129.156,,致新业务,致新android编译,,,,,
北京市-海淀区-Azure-北京,,10.142.141.63,10.142.129.157,Wei Zhang (张伟27) <zhangwei27@le.com>,VR,,azure,,10.142.129.157,,致新业务,致新android编译,,,,,
北京市-海淀区-Azure-北京,,10.142.141.45,10.142.129.158,Bing Yu(余兵) <yubing@le.com>,TV,,azure,深圳,10.142.129.158,,致新业务,致新android编译,,,,,
北京市-海淀区-Azure-北京,,10.142.141.49,10.142.129.159,Rongquan Xiao(肖荣权) <xiaorongquan@le.com>,TV,,azure,深圳,10.142.129.159,,致新业务,致新android编译,,,,,
北京市-海淀区-Azure-北京,,10.142.141.47,10.142.129.160,Li Long(龙立) <longli@le.com>,TV,,azure,深圳,10.142.129.160,,致新业务,致新android编译,,,,,
北京市-海淀区-Azure-北京,,10.142.141.48,10.142.129.161,Zhiming Xie(谢志明1) <xiezhiming1@le.com>,TV,,azure,深圳,10.142.129.161,,致新业务,致新android编译,,,,,
北京市-海淀区-Azure-北京,,10.142.141.64,10.142.129.162,Liu Xu(徐柳) <xuliu@le.com>,TV,,azure,深圳,10.142.129.162,,致新业务,致新android编译,,,,,
北京市-海淀区-Azure-北京,,10.142.141.64,10.142.129.163,Junan Yan(闫军安) <yanjunan@le.com>,TV,,azure,深圳,10.142.129.163,,致新业务,致新android编译,,,,,
北京市-海淀区-Azure-北京,,10.142.141.47,10.142.129.164,Zhanhong Luo(骆占宏) <luozhanhong@le.com>,TV,,azure,深圳,10.142.129.164,,致新业务,致新android编译,,,,,
北京市-海淀区-Azure-北京,,10.142.141.29,10.142.129.165,Bin Cheng(程斌) <chengbin@le.com>,TV,,azure,深圳,10.142.129.165,,致新业务,致新android编译,,,,,
北京市-海淀区-Azure-北京,,10.142.141.62,10.142.129.166,Weiping Meng(孟伟平) <mengweiping@le.com>,TV,,azure,深圳,10.142.129.166,,致新业务,致新android编译,,,,,
北京市-海淀区-Azure-北京,,10.142.141.61,10.142.129.167,Jiejing Dan(单杰晶) <shanjiejing@le.com>,车机,,azure,,10.142.129.167,,致新业务,致新android编译,,,,,
北京市-海淀区-Azure-北京,,10.142.141.48,10.142.129.168,Zhenyou Zhou(周珍有) <zhouzhenyou@le.com>,车机,,azure,,10.142.129.168,,致新业务,致新android编译,,,,,
北京市-海淀区-Azure-北京,,10.142.141.65,10.142.129.169,Qiang Zheng(郑强1) <zhengqiang1@le.com>,车机,,azure,,10.142.129.169,,致新业务,致新android编译,,,,,
北京市-海淀区-Azure-北京,,10.142.141.61,10.142.129.170,Xueliang Bao(暴学亮) <baoxueliang@le.com>,车机,,azure,,10.142.129.170,,致新业务,致新android编译,,,,,
北京市-海淀区-Azure-北京,,10.142.141.42,10.142.129.171,Guangri Jin(金光日) <jinguangri@le.com>,车机,,azure,,10.142.129.171,,致新业务,致新android编译,,,,,
北京市-海淀区-Azure-北京,,10.142.141.43,10.142.129.172,Liting Ge(葛立亭) <geliting@le.com>,车机,,azure,,10.142.129.172,,致新业务,致新android编译,,,,,
北京市-海淀区-Azure-北京,,10.142.141.62,10.142.129.173,Zhe Yang (杨哲3) <yangzhe3@le.com>,VR,,azure,,10.142.129.173,,致新业务,致新android编译,,,,,
北京市-海淀区-Azure-北京,,10.142.141.63,10.142.129.174,Jialin Zhang(张佳林) <zhangjialin@le.com>,EUI Auto,,azure,,10.142.129.174,,致新业务,致新android编译,,,,,
北京市-海淀区-Azure-北京,,10.142.141.29,10.142.129.175,Weihua Wang(王伟华) <wangweihua@le.com>,EUI Auto,,azure,,10.142.129.175,,致新业务,致新android编译,,,,,
北京市-海淀区-Azure-北京,,10.142.141.46,10.142.129.176,Changxiang Xin(辛长祥) <xinchangxiang@le.com>,EUI Auto,,azure,,10.142.129.176,,致新业务,致新android编译,,,,,
北京市-海淀区-Azure-北京,,10.142.141.49,10.142.129.177,Yang Liu(刘阳12) <liuyang12@le.com>,EUI Auto,,azure,,10.142.129.177,,致新业务,致新android编译,,,,,
北京市-海淀区-Azure-北京,,10.142.141.44,10.142.129.178,Yanru Zhang(张艳茹) <zhangyanru1@le.com>,EUI Auto,,azure,,10.142.129.178,,致新业务,致新android编译,,,,,
北京市-海淀区-Azure-北京,,10.142.141.61,10.142.129.179,Peilin Sun(孙培林) <sunpeilin@le.com>,EUI Auto,,azure,,10.142.129.179,,致新业务,致新android编译,,,,,
北京市-海淀区-Azure-北京,,10.142.141.44,10.142.129.180,Guoqing Liu(刘国庆) <liuguoqing@le.com>,EUI Auto,,azure,,10.142.129.180,,致新业务,致新android编译,,,,,
北京市-海淀区-Azure-北京,,10.142.141.49,10.142.129.181,Guoliang Zhang(张国良) <zhangguoliang@le.com>,TV,,azure,,10.142.129.181,,致新业务,致新android编译,,,,,
北京市-海淀区-Azure-北京,,10.142.141.42,10.142.129.182,Binjian Zhang(张滨建) <zhangbinjian@le.com>,TV,,azure,,10.142.129.182,,致新业务,致新android编译,,,,,
北京市-海淀区-Azure-北京,,10.142.141.65,10.142.129.183,Qixin Huang(黄启鑫) <huangqixin@le.com>,TV,,azure,,10.142.129.183,,致新业务,致新android编译,,,,,
北京市-海淀区-Azure-北京,,10.142.141.41,10.142.129.184,Xuejiao Huang(黄雪姣) <huangxuejiao@le.com>,TV,,azure,,10.142.129.184,,致新业务,致新android编译,,,,,
北京市-海淀区-Azure-北京,,10.142.141.45,10.142.129.185,Qi Wang(王祺1) <wangqi1@le.com>,TV,,azure,,10.142.129.185,,致新业务,致新android编译,,,,,
北京市-海淀区-Azure-北京,,10.142.141.43,10.142.129.186,Shengyong Zhou(周胜勇) <zhoushengyong@le.com>,TV,,azure,,10.142.129.186,,致新业务,致新android编译,,,,,
北京市-海淀区-Azure-北京,,10.142.141.49,10.142.129.187,Bin Fu(傅斌) <fubin@le.com>,TV,,azure,,10.142.129.187,,致新业务,致新android编译,,,,,
北京市-海淀区-Azure-北京,,10.142.141.42,10.142.129.188,Junxian Wang(王君显) <wangjunxian@le.com>,TV,,azure,,10.142.129.188,,致新业务,致新android编译,,,,,
北京市-海淀区-Azure-北京,,10.142.141.46,10.142.129.189,Han Gu(谷罕) <guhan@le.com>,TV,,azure,,10.142.129.189,,致新业务,致新android编译,,,,,
北京市-海淀区-Azure-北京,,10.142.141.46,10.142.129.190,Gangfeng Xu(徐钢锋) <xugangfeng@le.com>,TV,,azure,,10.142.129.190,,致新业务,致新android编译,,,,,
北京市-海淀区-Azure-北京,,10.142.141.45,10.142.129.191,Chenggeng Zhang(张成庚) <zhangchenggeng@le.com>,TV,,azure,,10.142.129.191,,致新业务,致新android编译,,,,,
北京市-海淀区-Azure-北京,,10.142.141.64,10.142.129.192,Xuefeng Wang(王学锋) <wangxuefeng@le.com>,TV,,azure,,10.142.129.192,,致新业务,致新android编译,,,,,
北京市-海淀区-Azure-北京,,10.142.141.48,10.142.129.193,Wujian Yu(余五建) <yuwujian@le.com>,TV,,azure,,10.142.129.193,,致新业务,致新android编译,,,,,
北京市-海淀区-Azure-北京,,10.142.141.44,10.142.129.194,Leilei Wang(王磊磊) <wangleilei@le.com>,TV,,azure,,10.142.129.194,,致新业务,致新android编译,,,,,
北京市-海淀区-Azure-北京,,10.142.141.63,10.142.129.195,Chunyu Hou(侯春雨) <houchunyu@le.com>,TV,,azure,,10.142.129.195,,致新业务,致新android编译,,,,,
北京市-海淀区-Azure-北京,,10.142.141.42,10.142.129.196,Jianbin Hu(胡建滨) <hujianbin@le.com>,TV,,azure,,10.142.129.196,,致新业务,致新android编译,,,,,
北京市-海淀区-Azure-北京,,10.142.141.43,10.142.129.197,Xiaomin Liu(刘晓民1) <liuxiaomin1@le.com>,TV,,azure,,10.142.129.197,,致新业务,致新android编译,,,,,
北京市-海淀区-Azure-北京,,10.142.141.62,10.142.129.198,Jixiang Zhan(詹吉祥) <zhanjixiang@le.com>,TV,,azure,,10.142.129.198,,致新业务,致新android编译,,,,,
北京市-海淀区-Azure-北京,,10.142.141.29,10.142.129.199,Jiazi Liu(刘佳子) <liujiazi@le.com>,TV,,azure,,10.142.129.199,,致新业务,致新android编译,,,,,
北京市-海淀区-Azure-北京,,10.142.141.47,10.142.129.200,Xinfeng Wang(王新锋) <wangxinfeng@le.com>,TV,,azure,,10.142.129.200,,致新业务,致新android编译,,,,,
北京市-海淀区-Azure-北京,,10.142.141.41,10.142.129.201,Hui Yan(闫慧1) <yanhui1@le.com>,TV,,azure,,10.142.129.201,,致新业务,致新android编译,,,,,
北京市-海淀区-Azure-北京,,10.142.141.48,10.142.129.202,Bin Li(李彬7) <libin7@le.com>,TV,,azure,,10.142.129.202,,致新业务,致新android编译,,,,,
北京市-海淀区-Azure-北京,,10.142.141.46,10.142.129.203,Yunyun Gao(高云云1) <gaoyunyun1@le.com>,TV,,azure,,10.142.129.203,,致新业务,致新android编译,,,,,
北京市-海淀区-Azure-北京,,10.142.141.41,10.142.129.204,Stephen SHI（史思远） <shisiyuan@le.com>,TV,,azure,,10.142.129.204,,致新业务,致新android编译,,,,,
北京市-海淀区-Azure-北京,,10.142.141.44,10.142.129.205,Jun Li (李军) <lijun@le.com>,TV,,azure,,10.142.129.205,,致新业务,致新android编译,,,,,
北京市-海淀区-Azure-北京,,10.142.141.65,10.142.129.206,孙华胜 <sunhuasheng@letv.com>,TV,,azure,,10.142.129.206,,致新业务,致新android编译,,,,,
北京市-海淀区-Azure-北京,,10.142.141.61,10.142.129.207,罗文辉 <luowenhui@letv.com>,TV,,azure,,10.142.129.207,,致新业务,致新android编译,,,,,
北京市-海淀区-Azure-北京,,10.142.141.42,10.142.129.208,王磊6 <wanglei6@letv.com>,TV,,azure,,10.142.129.208,,致新业务,致新android编译,,,,,
北京市-海淀区-Azure-北京,,10.142.141.46,10.142.129.209,胡小芳 <huxiaofang@letv.com>,TV,,azure,,10.142.129.209,,致新业务,致新android编译,,,,,
北京市-海淀区-Azure-北京,,10.142.141.29,10.142.129.210,刘康 <liukang@letv.com>,TV,,azure,,10.142.129.210,,致新业务,致新android编译,,,,,
北京市-海淀区-Azure-北京,,10.142.141.63,10.142.129.211,张海朋 <zhanghaipeng@letv.com>,TV,,azure,,10.142.129.211,,致新业务,致新android编译,,,,,
北京市-海淀区-Azure-北京,,10.142.141.44,10.142.129.212,Yanzhe Du(杜彦哲) <duyanzhe@le.com>,TV,,azure,,10.142.129.212,,致新业务,致新android编译,,,,,
北京市-海淀区-Azure-北京,,10.142.141.43,10.142.129.213,Songbai Peng(彭松柏) <pengsongbai@le.com>,EUI Auto,,azure,,10.142.129.213,,致新业务,致新android编译,,,,,
北京市-海淀区-Azure-北京,,10.142.141.64,10.142.129.214,Yanghu Ou(欧阳琥) <ouyanghu@le.com>,EUI Auto,,azure,,10.142.129.214,,致新业务,致新android编译,,,,,
北京市-海淀区-Azure-北京,,10.142.141.42,10.142.129.215,Tingting Han(韩婷婷) <hantingting@le.com>,EUI Auto,,azure,,10.142.129.215,,致新业务,致新android编译,,,,,
北京市-海淀区-Azure-北京,,10.142.141.64,10.142.129.216,Hongliang Liu(刘宏亮) <liuhongliang@le.com>;,EUI Auto,,azure,,10.142.129.216,,致新业务,致新android编译,,,,,
北京市-海淀区-Azure-北京,,10.142.141.49,10.142.129.217,Nan Hong(洪楠) <hongnan@le.com>; ,EUI Auto,,azure,,10.142.129.217,,致新业务,致新android编译,,,,,
北京市-海淀区-Azure-北京,,10.142.141.62,10.142.129.218,Ran Ding(丁然) <dingran@le.com>,EUI Auto,,azure,,10.142.129.218,,致新业务,致新android编译,,,,,
北京市-海淀区-Azure-北京,,10.142.141.62,10.142.129.219,Yu Bai(白羽5) <baiyu5@le.com>,EUI Auto,,azure,,10.142.129.219,,致新业务,致新android编译,,,,,
北京市-海淀区-Azure-北京,,10.142.141.48,10.142.129.220,Shaolin Deng(邓少林) <dengshaolin@le.com>,TV,,azure,深圳,10.142.129.220,,致新业务,致新android编译,,,,,
北京市-海淀区-Azure-北京,,10.142.141.43,10.142.129.221,Zhiguang Li(李志广) <lizhiguang@le.com>,Mobile,,azure,,10.142.129.221,,致新业务,致新android编译,,,,,
北京市-海淀区-Azure-北京,,10.142.141.47,10.142.129.222,Yuming Ma(马玉明) <mayuming@le.com>,Mobile,,azure,,10.142.129.222,,致新业务,致新android编译,,,,,
北京市-海淀区-Azure-北京,,10.142.141.29,10.142.129.223,Andy Luo(罗逸飞) <luoyifei@le.com>,TV,,azure,,10.142.129.223,,致新业务,致新android编译,,,,,
北京市-海淀区-Azure-北京,,10.142.141.45,10.142.129.224,Cheng Shi(石成) <shicheng@le.com>,多媒体,,azure,,10.142.129.224,,致新业务,致新android编译,,,,,
北京市-海淀区-Azure-北京,,10.142.141.41,10.142.129.225,Hongqiao Qu(曲洪桥1) <quhongqiao1@le.com>,Modem,,azure,,10.142.129.225,,致新业务,致新android编译,,,,,
北京市-海淀区-Azure-北京,,10.142.141.61,10.142.129.226, 赵海波 <zhaohaibo@le.com>,Modem,,azure,,10.142.129.226,,致新业务,致新android编译,,,,,
北京市-海淀区-Azure-北京,,10.142.141.61,10.142.129.227,Zhicheng Li(李志成) <lizhicheng@le.com>,Modem,,azure,,10.142.129.227,,致新业务,致新android编译,,,,,
北京市-海淀区-Azure-北京,,10.142.141.65,10.142.129.228,Xunren Liang(梁训任) <liangxunren@le.com>,Modem,,azure,,10.142.129.228,,致新业务,致新android编译,,,,,
北京市-海淀区-Azure-北京,,10.142.141.65,10.142.129.229,Xuewei Yu(于学伟) <yuxuewei@le.com>,Modem,,azure,,10.142.129.229,,致新业务,致新android编译,,,,,
北京市-海淀区-Azure-北京,,10.142.141.45,10.142.129.230,Ning Liu(刘宁3) <liuning3@le.com>,Modem,,azure,,10.142.129.230,,致新业务,致新android编译,,,,,
北京市-海淀区-Azure-北京,,10.142.141.49,10.142.129.231,Guoqing Liu(刘国庆) <liuguoqing@le.com>,Modem,,azure,,10.142.129.231,,致新业务,致新android编译,,,,,
北京市-海淀区-Azure-北京,,10.142.141.43,10.142.129.232,Zhaofeng Du(杜兆峰) <duzhaofeng@le.com>,车机,,azure,,10.142.129.232,,致新业务,致新android编译,,,,,
北京市-海淀区-Azure-北京,,10.142.141.46,10.142.129.233,Yonggang Zeng(曾永刚) <zengyonggang@le.com>,车机,,azure,,10.142.129.233,,致新业务,致新android编译,,,,,
北京市-海淀区-Azure-北京,,10.142.141.62,10.142.129.234,Lin Gao(高林1) <gaolin1@le.com>,车机,,azure,,10.142.129.234,,致新业务,致新android编译,,,,,
北京市-海淀区-Azure-北京,,10.142.141.47,10.142.129.235,Qiang Hu(胡强3) <huqiang3@le.com>,车机,,azure,,10.142.129.235,,致新业务,致新android编译,,,,,
北京市-海淀区-Azure-北京,,10.142.141.63,10.142.129.236,Shunyong Yang(杨顺勇) <yangshunyong@le.com>,车机,,azure,,10.142.129.236,,致新业务,致新android编译,,,,,
北京市-海淀区-Azure-北京,,10.142.141.49,10.142.129.237,Ya Kong(孔娅) <kongya@le.com>,车机,,azure,,10.142.129.237,,致新业务,致新android编译,,,,,
北京市-海淀区-Azure-北京,,10.142.141.48,10.142.129.238,Zheng Lin(林征) <linzheng@le.com>,车机,,azure,,10.142.129.238,,致新业务,致新android编译,,,,,
北京市-海淀区-Azure-北京,,10.142.141.63,10.142.129.239,Liang Wen(温亮) <wenliang@le.com>,车机,,azure,,10.142.129.239,,致新业务,致新android编译,,,,,
北京市-海淀区-Azure-北京,,10.142.141.64,10.142.129.240,Chengjie Zang(臧成杰) <zangchengjie@le.com>,车机,,azure,,10.142.129.240,,致新业务,致新android编译,,,,,
北京市-海淀区-Azure-北京,,10.142.141.45,10.142.129.241,Xun Zhou(周珣3) <zhouxun3@le.com>,车机,,azure,,10.142.129.241,,致新业务,致新android编译,,,,,
北京市-海淀区-Azure-北京,,10.142.141.44,10.142.129.242,Tianxiong Lv(吕天雄) <lvtianxiong@le.com>,车机,,azure,,10.142.129.242,,致新业务,致新android编译,,,,,
北京市-海淀区-Azure-北京,,10.142.141.32,10.142.129.245,Yongyou Fan(樊永友) <fanyongyou@le.com>,车机,,azure,,10.142.129.245,,致新业务,致新android编译,,,,,
北京市-海淀区-Azure-北京,,10.142.141.55,10.142.129.246,Yingang Fu(付银刚) <fuyingang@le.com>,车机,,azure,,10.142.129.246,,致新业务,致新android编译,,,,,
北京市-海淀区-Azure-北京,,10.142.141.19,10.142.129.247,Zhen Li(李真) <Liz@le.com>,Modem,,azure,,10.142.129.247,,致新业务,致新android编译,,,,,
北京市-海淀区-Azure-北京,,10.142.141.31,10.142.129.249,Xiaoguang Wu(吴晓光) <wuxiaoguang@le.com>,Mobile,,azure,,10.142.129.249,,致新业务,致新android编译,,,,,
北京市-海淀区-Azure-北京,,10.142.141.53,10.142.129.250,Xiaofei He(何晓飞1) <hexiaofei1@le.com>,Modem,,azure,,10.142.129.250,,致新业务,致新android编译,,,,,
北京市-海淀区-Azure-北京,,10.142.141.39,10.142.129.252,Zihui Li(李子辉) <lizihui@le.com>,多媒体,,azure,,10.142.129.252,,致新业务,致新android编译,,,,,
北京市-海淀区-Azure-北京,,10.142.141.35,10.142.129.253,Qi Zhang(张奇) <zhangq@le.com>,多媒体,,azure,,10.142.129.253,,致新业务,致新android编译,,,,,
北京市-海淀区-Azure-北京,,10.142.141.54,10.142.129.35,Baoping Chen(陈宝平) <chenbaoping@le.com>,TV,,azure,,10.142.129.35,,致新业务,致新android编译,,,,,
北京市-海淀区-Azure-北京,,10.142.141.33,10.142.129.37,Xing Yang(杨星3) <yangxing3@le.com>,TV,,azure,,10.142.129.37,,致新业务,致新android编译,,,,,
北京市-海淀区-Azure-北京,,10.142.141.53,10.142.129.38,Long Liu(刘龙) <liulong@le.com>,Mobile,,azure,,10.142.129.38,,致新业务,致新android编译,,,,,
北京市-海淀区-Azure-北京,,10.142.141.38,10.142.129.39,索金鹏 <suojinpeng@le.com>;,相机,,azure,,10.142.129.39,,致新业务,致新android编译,,,,,
北京市-海淀区-Azure-北京,,10.142.141.36,10.142.129.41,刘思翔 <liusixiang@le.com>;,相机,,azure,,10.142.129.41,,致新业务,致新android编译,,,,,
北京市-海淀区-Azure-北京,,10.142.141.33,10.142.129.42,赵雪峰 <zhaoxuefeng@le.com>;,相机,,azure,,10.142.129.42,,致新业务,致新android编译,,,,,
北京市-海淀区-Azure-北京,,10.142.141.32,10.142.129.43,王瑞11 <wangrui11@le.com>;,相机,,azure,,10.142.129.43,,致新业务,致新android编译,,,,,
北京市-海淀区-Azure-北京,,10.142.141.55,10.142.129.44,黄秉洋 <huangbingyang@le.com>,相机,,azure,,10.142.129.44,,致新业务,致新android编译,,,,,
北京市-海淀区-Azure-北京,,10.142.141.34,10.142.129.45,李震 <lizhen@le.com>,EUI TV,,azure,,10.142.129.45,,致新业务,致新android编译,,,,,
北京市-海淀区-Azure-北京,,10.142.141.54,10.142.129.47,Xing Yang(杨星) <yangxing@le.com>,VR,,azure,,10.142.129.47,,致新业务,致新android编译,,,,,
北京市-海淀区-Azure-北京,,10.142.141.52,10.142.129.48,Shikun Jia(贾世坤) <jiashikun@le.com>,Mobile,,azure,,10.142.129.48,,致新业务,致新android编译,,,,,
北京市-海淀区-Azure-北京,,10.142.141.37,10.142.129.49,Shuaiqun Xu(许帅群) <xushuaiqun@le.com>,Mobile,,azure,,10.142.129.49,,致新业务,致新android编译,,,,,
北京市-海淀区-Azure-北京,,10.142.141.36,10.142.129.51,Xiaofei Fang(房小飞) <fangxiaofei@le.com>,Mobile,,azure,,10.142.129.51,,致新业务,致新android编译,,,,,
北京市-海淀区-Azure-北京,,10.142.141.55,10.142.129.52,Zhuang Zhou(周壮) <zhouzhuang@le.com>,Mobile,,azure,,10.142.129.52,,致新业务,致新android编译,,,,,
北京市-海淀区-Azure-北京,,10.142.141.35,10.142.129.53,Dan Ma(马丹1) <madan1@le.com>,Mobile,,azure,,10.142.129.53,,致新业务,致新android编译,,,,,
北京市-海淀区-Azure-北京,,10.142.141.51,10.142.129.54,Yameng Zhou(周亚萌) <zhouyameng@le.com>,Mobile,,azure,,10.142.129.54,,致新业务,致新android编译,,,,,
北京市-海淀区-Azure-北京,,10.142.141.38,10.142.129.55,Haining Huang(黄海宁) <huanghaining@le.com>,Mobile,,azure,,10.142.129.55,,致新业务,致新android编译,,,,,
北京市-海淀区-Azure-北京,,10.142.141.35,10.142.129.56,Xiaowen Sun(孙孝文) <sunxiaowen@le.com>,Mobile,,azure,,10.142.129.56,,致新业务,致新android编译,,,,,
北京市-海淀区-Azure-北京,,10.142.141.39,10.142.129.59,Zhengyao Zhao(赵政耀) <zhaozhengyao@le.com>,Mobile,,azure,,10.142.129.59,,致新业务,致新android编译,,,,,
北京市-海淀区-Azure-北京,,10.142.141.19,10.142.129.61,Changjiang Huang(黄长江) <huangchangjiang@le.com>,Mobile,,azure,,10.142.129.61,,致新业务,致新android编译,,,,,
北京市-海淀区-Azure-北京,,10.142.141.53,10.142.129.63,Meng Ding(丁萌) <dingmeng@le.com>,Mobile,,azure,,10.142.129.63,,致新业务,致新android编译,,,,,
北京市-海淀区-Azure-北京,,10.142.141.31,10.142.129.64,Lei Deng(邓雷) <denglei@le.com>,Mobile,,azure,,10.142.129.64,,致新业务,致新android编译,,,,,
北京市-海淀区-Azure-北京,,10.142.141.37,10.142.129.65,Guofeng Xie(谢国锋) <xieguofeng@le.com>,Mobile,,azure,,10.142.129.65,,致新业务,致新android编译,,,,,
北京市-海淀区-Azure-北京,,10.142.141.32,10.142.129.67,Shufeng Ren(任数风) <renshufeng@le.com>,Mobile,,azure,,10.142.129.67,,致新业务,致新android编译,,,,,
北京市-海淀区-Azure-北京,,10.142.141.53,10.142.129.68,Fuyong Wang(王福勇) <wangfuyong@le.com>,Mobile,,azure,,10.142.129.68,,致新业务,致新android编译,,,,,
北京市-海淀区-Azure-北京,,10.142.141.39,10.142.129.69,Dahai Liu(刘大海) <liudahai@le.com>,VR,,azure,,10.142.129.69,,致新业务,致新android编译,,,,,
北京市-海淀区-Azure-北京,,10.142.141.51,10.142.129.70,Peng Li(李鹏16) <lipeng16@le.com>,VR,,azure,,10.142.129.70,,致新业务,致新android编译,,,,,
北京市-海淀区-Azure-北京,,10.142.141.51,10.142.129.71,Shengtao Zhao(赵胜涛) <zhaoshengtao@le.com>,多媒体,,azure,,10.142.129.71,,致新业务,致新android编译,,,,,
北京市-海淀区-Azure-北京,,10.142.141.35,10.142.129.72,Fengyan Qi(齐峰岩) <qifengyan@le.com>,多媒体,,azure,,10.142.129.72,,致新业务,致新android编译,,,,,
北京市-海淀区-Azure-北京,,10.142.141.34,10.142.129.73,Xuebing Ye (叶学兵) <yexuebing@le.com>,多媒体,,azure,,10.142.129.73,,致新业务,致新android编译,,,,,
北京市-海淀区-Azure-北京,,10.142.141.52,10.142.129.74,Libin Sun(孙立斌) <sunlibin@le.com>,多媒体,,azure,,10.142.129.74,,致新业务,致新android编译,,,,,
北京市-海淀区-Azure-北京,,10.142.141.19,10.142.129.75,Pengfei Yue(岳鹏飞) <yuepengfei@le.com>,多媒体,,azure,,10.142.129.75,,致新业务,致新android编译,,,,,
北京市-海淀区-Azure-北京,,10.142.141.31,10.142.129.77,Haowei Pang(庞浩伟) <panghaowei@le.com>,多媒体,,azure,,10.142.129.77,,致新业务,致新android编译,,,,,
北京市-海淀区-Azure-北京,,10.142.141.39,10.142.129.80,Qiang Liu(刘强3) <liuqiang3@le.com>,多媒体,,azure,,10.142.129.80,,致新业务,致新android编译,,,,,
北京市-海淀区-Azure-北京,,10.142.141.33,10.142.129.82,Jijian Zheng(郑吉剑) <zhengjijian@le.com>,多媒体,,azure,,10.142.129.82,,致新业务,致新android编译,,,,,
北京市-海淀区-Azure-北京,,10.142.141.54,10.142.129.83,Yunlong Li(李云龙1) <liyunlong1@le.com>,多媒体,,azure,,10.142.129.83,,致新业务,致新android编译,,,,,
北京市-海淀区-Azure-北京,,10.142.141.38,10.142.129.84,Da Man(满达) <manda@le.com>,多媒体,,azure,,10.142.129.84,,致新业务,致新android编译,,,,,
北京市-海淀区-Azure-北京,,10.142.141.52,10.142.129.85,Shuo Li(李硕1) <lishuo1@le.com>,多媒体,,azure,,10.142.129.85,,致新业务,致新android编译,,,,,
北京市-海淀区-Azure-北京,,10.142.141.37,10.142.129.86,Gang Wang(王刚5) <wanggang5@le.com>,多媒体,,azure,,10.142.129.86,,致新业务,致新android编译,,,,,
北京市-海淀区-Azure-北京,,10.142.141.36,10.142.129.87,Anle Zhou (周安乐) <zhouanle@le.com>,Mobile,,azure,,10.142.129.87,,致新业务,致新android编译,,,,,
北京市-海淀区-Azure-北京,,10.142.141.32,10.142.129.88,Tao Wang(王涛7) <wangtao7@le.com>,多媒体,,azure,,10.142.129.88,,致新业务,致新android编译,,,,,
北京市-海淀区-Azure-北京,,10.142.141.39,10.142.129.89,Wenyuan Tang(唐文渊1) <tangwenyuan1@le.com>,Modem,,azure,,10.142.129.89,,致新业务,致新android编译,,,,,
北京市-海淀区-Azure-北京,,10.142.141.53,10.142.129.91,Tiantian Ma(马甜甜) <matiantian@le.com>,多媒体,,azure,,10.142.129.91,,致新业务,致新android编译,,,,,
北京市-海淀区-Azure-北京,,10.142.141.31,10.142.129.92,Peng Li(李鹏8) <lipeng8@le.com>,Mobile,,azure,wifi,10.142.129.92,,致新业务,致新android编译,,,,,
北京市-海淀区-Azure-北京,,10.142.141.55,10.142.129.93,Lianquan Pang(庞连权3) <panglianquan3@le.com>;,Modem,,azure,,10.142.129.93,,致新业务,致新android编译,,,,,
北京市-海淀区-Azure-北京,,10.142.141.33,10.142.129.94,Gang Wang(王刚3) <wanggang3@le.com>;,Modem,,azure,,10.142.129.94,,致新业务,致新android编译,,,,,
北京市-海淀区-Azure-北京,,10.142.141.35,10.142.129.95,Zongyou Xia(夏宗友) <xiazongyou@le.com>;,Modem,,azure,,10.142.129.95,,致新业务,致新android编译,,,,,
北京市-海淀区-Azure-北京,,10.142.141.31,10.142.129.96,Zhongqian Zhou(周中前) <zhouzhongqian@le.com>;,Modem,,azure,,10.142.129.96,,致新业务,致新android编译,,,,,
北京市-海淀区-Azure-北京,,10.142.141.36,10.142.129.97,Jian Luo(罗剑) <luojian@le.com>;,Modem,,azure,,10.142.129.97,,致新业务,致新android编译,,,,,
北京市-海淀区-Azure-北京,,10.142.141.34,10.142.129.98,Yaqi Wu(吴亚琦) <wuyaqi@le.com>;,Modem,,azure,,10.142.129.98,,致新业务,致新android编译,,,,,
北京市-海淀区-Azure-北京,,10.142.141.37,10.142.129.99,Jianru Chen(陈建如1) <chenjianru1@le.com>;,Modem,,azure,,10.142.129.99,,致新业务,致新android编译,,,,,
北京市-海淀区-Azure-北京,,10.142.141.33,10.142.130.1,Hao SUN （孙昊） <sunhao@le.com>;,Modem,,azure,,10.142.130.1,,致新业务,致新android编译,,,,,
北京市-海淀区-Azure-北京,,10.142.141.34,10.142.130.2,Liye Zhang(赵立业) <zhaoliye@le.com>,Modem,,azure,,10.142.130.2,,致新业务,致新android编译,,,,,
,,,,,,,,,,,,,,,,,
20160624交付25x8=200,SmWa5boh3zQqKA6JevL6,,,,,,,,,,,,,,,,
IDC  ,机柜  ,宿主机  ,SN  ,是外借  ,OS ,配置  ,型号 ,IP(外网) ,IP(内网) ,nat ,业务名称 ,模块名称 ,使用人?,,,,
北京市-大兴区-亦庄电信通-主楼-MD06,I14,10.142.141.74,10.142.130.232,高聪 <gaocong@letv.com>,相机,V2 [CPU:8C 内存:16G 硬盘:200G ||生产环境（高配） ],kvm,,10.142.130.232,,致新业务,致新android编译,孙博(sunbo@letv.com),,,,
北京市-大兴区-亦庄电信通-主楼-MD06,I13,10.142.141.68,10.142.130.231,卢先根 <luxiangen@le.com>,,V2 [CPU:8C 内存:16G 硬盘:200G ||生产环境（高配） ],kvm,,10.142.130.231,,致新业务,致新android编译,孙博(sunbo@letv.com),,,,
北京市-大兴区-亦庄电信通-主楼-MD06,I14,10.142.141.84,10.142.130.230,史铭1 <shiming1@letv.com>,Mobile,V2 [CPU:8C 内存:16G 硬盘:200G ||生产环境（高配） ],kvm,,10.142.130.230,,致新业务,致新android编译,孙博(sunbo@letv.com),,,,
北京市-大兴区-亦庄电信通-主楼-MD06,I13,10.142.141.40,10.142.130.229,张绪兵 <zhangxubing@le.com>,相机,V2 [CPU:8C 内存:16G 硬盘:200G ||生产环境（高配） ],kvm,,10.142.130.229,,致新业务,致新android编译,孙博(sunbo@letv.com),,,,
北京市-大兴区-亦庄电信通-主楼-MD06,I14,10.142.141.80,10.142.130.222,李萌 <limeng10@le.com>,Mobile,V2 [CPU:8C 内存:16G 硬盘:200G ||生产环境（高配） ],kvm,,10.142.130.222,,致新业务,致新android编译,孙博(sunbo@letv.com),,,,
北京市-大兴区-亦庄电信通-主楼-MD06,I13,10.142.141.30,10.142.130.224,项国强 <xiangguoqiang@le.com>,Modem,V2 [CPU:8C 内存:16G 硬盘:200G ||生产环境（高配） ],kvm,,10.142.130.224,,致新业务,致新android编译,孙博(sunbo@letv.com),,,,
北京市-大兴区-亦庄电信通-主楼-MD06,I14,10.142.141.81,10.142.130.220,张帆5 <zhangfan5@letv.com> modem,Modem,V2 [CPU:8C 内存:16G 硬盘:200G ||生产环境（高配） ],kvm,,10.142.130.220,,致新业务,致新android编译,孙博(sunbo@letv.com),,,,
北京市-大兴区-亦庄电信通-主楼-MD06,I14,10.142.141.78,10.142.130.217,陈忱6 <chenchen6@letv.com> ,Modem,V2 [CPU:8C 内存:16G 硬盘:200G ||生产环境（高配） ],kvm,,10.142.130.217,,致新业务,致新android编译,孙博(sunbo@letv.com),,,,
北京市-大兴区-亦庄电信通-主楼-MD06,I14,10.142.141.82,10.142.130.221,龙长林 <longchanglin@letv.com>,Modem,V2 [CPU:8C 内存:16G 硬盘:200G ||生产环境（高配） ],kvm,,10.142.130.221,,致新业务,致新android编译,孙博(sunbo@letv.com),,,,
北京市-大兴区-亦庄电信通-主楼-MD06,I14,10.142.141.83,10.142.130.214,董森林 <dongsenlin@letv.com>,TV,V2 [CPU:8C 内存:16G 硬盘:200G ||生产环境（高配） ],kvm,,10.142.130.214,,致新业务,致新android编译,孙博(sunbo@letv.com),,,,
北京市-大兴区-亦庄电信通-主楼-MD06,I13,10.142.141.72,10.142.130.219,刘国庆 <liuguoqing@le.com>,车联网,V2 [CPU:8C 内存:16G 硬盘:200G ||生产环境（高配） ],kvm,,10.142.130.219,,致新业务,致新android编译,孙博(sunbo@letv.com),,,,
北京市-大兴区-亦庄电信通-主楼-MD06,I14,10.142.141.79,10.142.130.218,李欣 <lixin10@le.com>,SCM,V2 [CPU:8C 内存:16G 硬盘:200G ||生产环境（高配） ],kvm,,10.142.130.218,,致新业务,致新android编译,孙博(sunbo@letv.com),,,,
北京市-大兴区-亦庄电信通-主楼-MD06,I13,10.142.141.67,10.142.130.212,吴鹏1 <wupeng1@letv.com>,Mobile,V2 [CPU:8C 内存:16G 硬盘:200G ||生产环境（高配） ],kvm,,10.142.130.212,,致新业务,致新android编译,孙博(sunbo@letv.com),,,,
北京市-大兴区-亦庄电信通-主楼-MD06,I13,10.142.141.50,10.142.130.206,孟伟平 <mengweiping@letv.com>,TV,V2 [CPU:8C 内存:16G 硬盘:200G ||生产环境（高配） ],kvm,,10.142.130.206,,致新业务,致新android编译,孙博(sunbo@letv.com),,,,
北京市-大兴区-亦庄电信通-主楼-MD06,I13,10.142.141.70,10.142.130.208,张海朋 <zhanghaipeng@le.com>,TV,V2 [CPU:8C 内存:16G 硬盘:200G ||生产环境（高配） ],kvm,,10.142.130.208,,致新业务,致新android编译,孙博(sunbo@letv.com),,,,
北京市-大兴区-亦庄电信通-主楼-MD06,I13,10.142.141.71,10.142.130.203,马宁1 <maning1@letv.com>,Mobile,V2 [CPU:8C 内存:16G 硬盘:200G ||生产环境（高配） ],kvm,,10.142.130.203,,致新业务,致新android编译,孙博(sunbo@letv.com),,,,
北京市-大兴区-亦庄电信通-主楼-MD06,I13,10.142.141.10,10.142.130.209,<andy.cao@zeusis.com>,zeusis,V2 [CPU:8C 内存:16G 硬盘:200G ||生产环境（高配） ],kvm,,10.142.130.209,,致新业务,致新android编译,孙博(sunbo@letv.com),,,,
北京市-大兴区-亦庄电信通-主楼-MD06,I14,10.142.141.85,10.142.130.199,康桦1 <kanghua1@le.com>,TV,V2 [CPU:8C 内存:16G 硬盘:200G ||生产环境（高配） ],kvm,,10.142.130.199,,致新业务,致新android编译,孙博(sunbo@letv.com),,,,
北京市-大兴区-亦庄电信通-主楼-MD06,I13,10.142.141.20,10.142.130.204,侯冰 <houbing@le.com>,Modem,V2 [CPU:8C 内存:16G 硬盘:200G ||生产环境（高配） ],kvm,,10.142.130.204,,致新业务,致新android编译,孙博(sunbo@letv.com),,,,
北京市-大兴区-亦庄电信通-主楼-MD06,I13,10.142.141.66,10.142.130.200,王禹3 <wangyu3@letv.com>,Mobile,V2 [CPU:8C 内存:16G 硬盘:200G ||生产环境（高配） ],kvm,,10.142.130.200,,致新业务,致新android编译,孙博(sunbo@letv.com),,,,
北京市-大兴区-亦庄电信通-主楼-MD06,I14,10.142.141.74,10.142.130.202,于宝林 <yubaolin@letv.com>,Mobile,V2 [CPU:8C 内存:16G 硬盘:200G ||生产环境（高配） ],kvm,,10.142.130.202,,致新业务,致新android编译,孙博(sunbo@letv.com),,,,
北京市-大兴区-亦庄电信通-主楼-MD06,I13,10.142.141.68,10.142.130.196,刘正亮 <liuzhengliang@letv.com>,Mobile,V2 [CPU:8C 内存:16G 硬盘:200G ||生产环境（高配） ],kvm,,10.142.130.196,,致新业务,致新android编译,孙博(sunbo@letv.com),,,,
北京市-大兴区-亦庄电信通-主楼-MD06,I14,10.142.141.77,10.142.130.210,甘书宇 <ganshuyu@letv.com>,Mobile,V2 [CPU:8C 内存:16G 硬盘:200G ||生产环境（高配） ],kvm,,10.142.130.210,,致新业务,致新android编译,孙博(sunbo@letv.com),,,,
北京市-大兴区-亦庄电信通-主楼-MD06,I13,10.142.141.40,10.142.130.193,英豪 <yinghao@letv.com>,Mobile,V2 [CPU:8C 内存:16G 硬盘:200G ||生产环境（高配） ],kvm,,10.142.130.193,,致新业务,致新android编译,孙博(sunbo@letv.com),,,,
北京市-大兴区-亦庄电信通-主楼-MD06,I14,10.142.141.80,10.142.130.192,Zhenfeng Li (李振锋),TV,V2 [CPU:8C 内存:16G 硬盘:200G ||生产环境（高配） ],kvm,,10.142.130.192,,致新业务,致新android编译,孙博(sunbo@letv.com),,,,
北京市-大兴区-亦庄电信通-主楼-MD06,I13,10.142.141.30,10.142.130.201,刘子超 <liuzichao@le.com>,多媒体,V2 [CPU:8C 内存:16G 硬盘:200G ||生产环境（高配） ],kvm,,10.142.130.201,,致新业务,致新android编译,孙博(sunbo@letv.com),,,,
北京市-大兴区-亦庄电信通-主楼-MD06,I13,10.142.141.69,10.142.130.185,李云志 <liyunzhi@letv.com>,Mobile,V2 [CPU:8C 内存:16G 硬盘:200G ||生产环境（高配） ],kvm,,10.142.130.185,,致新业务,致新android编译,孙博(sunbo@letv.com),,,,
北京市-大兴区-亦庄电信通-主楼-MD06,I14,10.142.141.81,10.142.130.189,李慧敏 <lihuimin@le.com>,Modem,V2 [CPU:8C 内存:16G 硬盘:200G ||生产环境（高配） ],kvm,,10.142.130.189,,致新业务,致新android编译,孙博(sunbo@letv.com),,,,
北京市-大兴区-亦庄电信通-主楼-MD06,I14,10.142.141.78,10.142.130.194,曲仕辉 <qushihui@letv.com>,TV,V2 [CPU:8C 内存:16G 硬盘:200G ||生产环境（高配） ],kvm,,10.142.130.194,,致新业务,致新android编译,孙博(sunbo@letv.com),,,,
北京市-大兴区-亦庄电信通-主楼-MD06,I14,10.142.141.82,10.142.130.191,邓宝根 <dengbaogen@letv.com>,TV,V2 [CPU:8C 内存:16G 硬盘:200G ||生产环境（高配） ],kvm,,10.142.130.191,,致新业务,致新android编译,孙博(sunbo@letv.com),,,,
北京市-大兴区-亦庄电信通-主楼-MD06,I14,10.142.141.83,10.142.130.188,于淼5 <yumiao5@le.com>,Mobile,V2 [CPU:8C 内存:16G 硬盘:200G ||生产环境（高配） ],kvm,,10.142.130.188,,致新业务,致新android编译,孙博(sunbo@letv.com),,,,
北京市-大兴区-亦庄电信通-主楼-MD06,I14,10.142.141.75,10.142.130.187,李华强 <lihuaqiang@le.com>,SCM,V2 [CPU:8C 内存:16G 硬盘:200G ||生产环境（高配） ],kvm,,10.142.130.187,,致新业务,致新android编译,孙博(sunbo@letv.com),,,,
北京市-大兴区-亦庄电信通-主楼-MD06,I14,10.142.141.84,10.142.130.197,张民庄<zhangminzhuang@le.com>,Mobile,V2 [CPU:8C 内存:16G 硬盘:200G ||生产环境（高配） ],kvm,,10.142.130.197,,致新业务,致新android编译,孙博(sunbo@letv.com),,,,
北京市-大兴区-亦庄电信通-主楼-MD06,I13,10.142.141.69,10.142.130.215,  王紫梁 <wangziliang@le.com>,EUI mobile,V2 [CPU:8C 内存:16G 硬盘:200G ||生产环境（高配） ],kvm,,10.142.130.215,,致新业务,致新android编译,孙博(sunbo@letv.com),,,,
北京市-大兴区-亦庄电信通-主楼-MD06,I13,10.142.141.72,10.142.130.186,田迎辉 <tianyinghui@le.com>,TV,V2 [CPU:8C 内存:16G 硬盘:200G ||生产环境（高配） ],kvm,,10.142.130.186,,致新业务,致新android编译,孙博(sunbo@letv.com),,,,
北京市-大兴区-亦庄电信通-主楼-MD06,I14,10.142.141.79,10.142.130.184,郑金光<zhengjinguang@le.com>,VR,V2 [CPU:8C 内存:16G 硬盘:200G ||生产环境（高配） ],kvm,,10.142.130.184,,致新业务,致新android编译,孙博(sunbo@letv.com),,,,
北京市-大兴区-亦庄电信通-主楼-MD06,I13,10.142.141.71,10.142.130.181,黄昌强<huangchangqiang@le.com>,VR,V2 [CPU:8C 内存:16G 硬盘:200G ||生产环境（高配） ],kvm,,10.142.130.181,,致新业务,致新android编译,孙博(sunbo@letv.com),,,,
北京市-大兴区-亦庄电信通-主楼-MD06,I13,10.142.141.73,10.142.130.180,张清磊<zhangqinglei@le.com>,VR,V2 [CPU:8C 内存:16G 硬盘:200G ||生产环境（高配） ],kvm,,10.142.130.180,,致新业务,致新android编译,孙博(sunbo@letv.com),,,,
北京市-大兴区-亦庄电信通-主楼-MD06,I13,10.142.141.10,10.142.130.179,毛娅楠1<maoyanan1@le.com>,VR,V2 [CPU:8C 内存:16G 硬盘:200G ||生产环境（高配） ],kvm,,10.142.130.179,,致新业务,致新android编译,孙博(sunbo@letv.com),,,,
北京市-大兴区-亦庄电信通-主楼-MD06,I14,10.142.141.85,10.142.130.178,高海娇<gaohaijiao@le.com>,VR,V2 [CPU:8C 内存:16G 硬盘:200G ||生产环境（高配） ],kvm,,10.142.130.178,,致新业务,致新android编译,孙博(sunbo@letv.com),,,,
北京市-大兴区-亦庄电信通-主楼-MD06,I14,10.142.141.76,10.142.130.177,李禹霖1<liyulin1@le.com>,VR,V2 [CPU:8C 内存:16G 硬盘:200G ||生产环境（高配） ],kvm,,10.142.130.177,,致新业务,致新android编译,孙博(sunbo@letv.com),,,,
北京市-大兴区-亦庄电信通-主楼-MD06,I14,10.142.141.77,10.142.130.216,冯帆1<fengfan1@le.com>,VR,V2 [CPU:8C 内存:16G 硬盘:200G ||生产环境（高配） ],kvm,,10.142.130.216,,致新业务,致新android编译,孙博(sunbo@letv.com),,,,
北京市-大兴区-亦庄电信通-主楼-MD06,I13,10.142.141.20,10.142.130.175,李博文1<libowen1@le.com>,VR,V2 [CPU:8C 内存:16G 硬盘:200G ||生产环境（高配） ],kvm,,10.142.130.175,,致新业务,致新android编译,孙博(sunbo@letv.com),,,,
北京市-大兴区-亦庄电信通-主楼-MD06,I13,10.142.141.66,10.142.130.174,李运家<liyunjia@le.com>,VR,V2 [CPU:8C 内存:16G 硬盘:200G ||生产环境（高配） ],kvm,,10.142.130.174,,致新业务,致新android编译,孙博(sunbo@letv.com),,,,
北京市-大兴区-亦庄电信通-主楼-MD06,I14,10.142.141.74,10.142.130.169,刘文才<liuwencai@le.com>,VR,V2 [CPU:8C 内存:16G 硬盘:200G ||生产环境（高配） ],kvm,,10.142.130.169,,致新业务,致新android编译,孙博(sunbo@letv.com),,,,
北京市-大兴区-亦庄电信通-主楼-MD06,I13,10.142.141.68,10.142.130.173,栗庆庆1<liqingqing1@le.com>,VR,V2 [CPU:8C 内存:16G 硬盘:200G ||生产环境（高配） ],kvm,,10.142.130.173,,致新业务,致新android编译,孙博(sunbo@letv.com),,,,
北京市-大兴区-亦庄电信通-主楼-MD06,I14,10.142.141.77,10.142.130.168,蔚欣<weixin6@le.com>,VR,V2 [CPU:8C 内存:16G 硬盘:200G ||生产环境（高配） ],kvm,,10.142.130.168,,致新业务,致新android编译,孙博(sunbo@letv.com),,,,
北京市-大兴区-亦庄电信通-主楼-MD06,I14,10.142.141.84,10.142.130.171,柴洁<chaijie@le.com>,VR,V2 [CPU:8C 内存:16G 硬盘:200G ||生产环境（高配） ],kvm,,10.142.130.171,,致新业务,致新android编译,孙博(sunbo@letv.com),,,,
北京市-大兴区-亦庄电信通-主楼-MD06,I13,10.142.141.40,10.142.130.176,王争气<wangzhengqi@le.com>,VR,V2 [CPU:8C 内存:16G 硬盘:200G ||生产环境（高配） ],kvm,,10.142.130.176,,致新业务,致新android编译,孙博(sunbo@letv.com),,,,
北京市-大兴区-亦庄电信通-主楼-MD06,I14,10.142.141.80,10.142.130.170,余杭1 <yuhang1@le.com>,VR,V2 [CPU:8C 内存:16G 硬盘:200G ||生产环境（高配） ],kvm,,10.142.130.170,,致新业务,致新android编译,孙博(sunbo@letv.com),,,,
北京市-大兴区-亦庄电信通-主楼-MD06,I13,10.142.141.30,10.142.130.172,李进5 <lijin5@le.com>,TV,V2 [CPU:8C 内存:16G 硬盘:200G ||生产环境（高配） ],kvm,,10.142.130.172,,致新业务,致新android编译,孙博(sunbo@letv.com),,,,
北京市-大兴区-亦庄电信通-主楼-MD06,I13,10.142.141.69,10.142.130.167,彭亮 <pengliang@le.com>,智能云平台,V2 [CPU:8C 内存:16G 硬盘:200G ||生产环境（高配） ],kvm,,10.142.130.167,,致新业务,致新android编译,孙博(sunbo@letv.com),,,,
北京市-大兴区-亦庄电信通-主楼-MD06,I14,10.142.141.81,10.142.130.165,王方 <wangfang8@le.com>,TV,V2 [CPU:8C 内存:16G 硬盘:200G ||生产环境（高配） ],kvm,,10.142.130.165,,致新业务,致新android编译,孙博(sunbo@letv.com),,,,
北京市-大兴区-亦庄电信通-主楼-MD06,I14,10.142.141.83,10.142.130.166,张延玲<zhangyanling@le.com>,VR,V2 [CPU:8C 内存:16G 硬盘:200G ||生产环境（高配） ],kvm,,10.142.130.166,,致新业务,致新android编译,孙博(sunbo@letv.com),,,,
北京市-大兴区-亦庄电信通-主楼-MD06,I14,10.142.141.75,10.142.130.164,张思路<zhangsilu@le.com>,SCM,V2 [CPU:8C 内存:16G 硬盘:200G ||生产环境（高配） ],kvm,,10.142.130.164,,致新业务,致新android编译,孙博(sunbo@letv.com),,,,
北京市-大兴区-亦庄电信通-主楼-MD06,I14,10.142.141.76,10.142.130.190,孙颖<sunying@le.com>,SCM,V2 [CPU:8C 内存:16G 硬盘:200G ||生产环境（高配） ],kvm,,10.142.130.190,,致新业务,致新android编译,孙博(sunbo@letv.com),,,,
北京市-大兴区-亦庄电信通-主楼-MD06,I13,10.142.141.66,10.142.130.198,王建<wangjian10@le.com>,Mobile,V2 [CPU:8C 内存:16G 硬盘:200G ||生产环境（高配） ],kvm,,10.142.130.198,,致新业务,致新android编译,孙博(sunbo@letv.com),,,,
北京市-大兴区-亦庄电信通-主楼-MD06,I13,10.142.141.20,10.142.130.195,李萌 <limeng11@le.com>,EUI mobile,V2 [CPU:8C 内存:16G 硬盘:200G ||生产环境（高配） ],kvm,,10.142.130.195,,致新业务,致新android编译,孙博(sunbo@letv.com),,,,
北京市-大兴区-亦庄电信通-主楼-MD06,I13,10.142.141.73,10.142.130.182,易竣博 <yijunbo@le.com>,mobile,V2 [CPU:8C 内存:16G 硬盘:200G ||生产环境（高配） ],kvm,,10.142.130.182,,致新业务,致新android编译,孙博(sunbo@letv.com),,,,
北京市-大兴区-亦庄电信通-主楼-MD06,I14,10.142.141.75,10.142.130.183,黄涛 <huangtao3@le.com>,VR,V2 [CPU:8C 内存:16G 硬盘:200G ||生产环境（高配） ],kvm,,10.142.130.183,,致新业务,致新android编译,孙博(sunbo@letv.com),,,,
北京市-大兴区-亦庄电信通-主楼-MD06,I13,10.142.141.72,10.142.130.163,陈耀明<chenyaoming@le.com>,TV,V2 [CPU:8C 内存:16G 硬盘:200G ||生产环境（高配） ],kvm,,10.142.130.163,,致新业务,致新android编译,孙博(sunbo@letv.com),,,,
北京市-大兴区-亦庄电信通-主楼-MD06,I14,10.142.141.79,10.142.130.150,乔伟5<qiaowei5@le.com>,VR,V2 [CPU:8C 内存:16G 硬盘:200G ||生产环境（高配） ],kvm,,10.142.130.150,,致新业务,致新android编译,孙博(sunbo@letv.com),,,,
北京市-大兴区-亦庄电信通-主楼-MD06,I13,10.142.141.67,10.142.130.161,李艳杰<liyanjie@le.com>,VR,V2 [CPU:8C 内存:16G 硬盘:200G ||生产环境（高配） ],kvm,,10.142.130.161,,致新业务,致新android编译,孙博(sunbo@letv.com),,,,
北京市-大兴区-亦庄电信通-主楼-MD06,I13,10.142.141.50,10.142.130.149,刘竹泉<liuzhuquan@le.com>,EUI mobile,V2 [CPU:8C 内存:16G 硬盘:200G ||生产环境（高配） ],kvm,,10.142.130.149,,致新业务,致新android编译,孙博(sunbo@letv.com),,,,
北京市-大兴区-亦庄电信通-主楼-MD06,I13,10.142.141.70,10.142.130.146,<thirumalai@le.com>,Travel in CN,V2 [CPU:8C 内存:16G 硬盘:200G ||生产环境（高配） ],kvm,,10.142.130.146,,致新业务,致新android编译,孙博(sunbo@letv.com),,,,
北京市-大兴区-亦庄电信通-主楼-MD06,I13,10.142.141.71,10.142.130.156,<Krishnakanth@le.com>,Travel in CN,V2 [CPU:8C 内存:16G 硬盘:200G ||生产环境（高配） ],kvm,,10.142.130.156,,致新业务,致新android编译,孙博(sunbo@letv.com),,,,
北京市-大兴区-亦庄电信通-主楼-MD06,I13,10.142.141.73,10.142.130.147,<ayazahmed@le.com>,Travel in CN,V2 [CPU:8C 内存:16G 硬盘:200G ||生产环境（高配） ],kvm,,10.142.130.147,,致新业务,致新android编译,孙博(sunbo@letv.com),,,,
北京市-大兴区-亦庄电信通-主楼-MD06,I13,10.142.141.10,10.142.130.158,<zhouyan7@le.com>,Modem,V2 [CPU:8C 内存:16G 硬盘:200G ||生产环境（高配） ],kvm,,10.142.130.158,,致新业务,致新android编译,孙博(sunbo@letv.com),,,,
北京市-大兴区-亦庄电信通-主楼-MD06,I14,10.142.141.85,10.142.130.162,<liuyaqiong@le.com>,Mobile,V2 [CPU:8C 内存:16G 硬盘:200G ||生产环境（高配） ],kvm,,10.142.130.162,,致新业务,致新android编译,孙博(sunbo@letv.com),,,,
北京市-大兴区-亦庄电信通-主楼-MD06,I14,10.142.141.76,10.142.130.152,<huxili@le.com>,Modem,V2 [CPU:8C 内存:16G 硬盘:200G ||生产环境（高配） ],kvm,,10.142.130.152,,致新业务,致新android编译,孙博(sunbo@letv.com),,,,
北京市-大兴区-亦庄电信通-主楼-MD06,I13,10.142.141.70,10.142.130.153,<lishuangyin@le.com>,Modem,V2 [CPU:8C 内存:16G 硬盘:200G ||生产环境（高配） ],kvm,,10.142.130.153,,致新业务,致新android编译,孙博(sunbo@letv.com),,,,
北京市-大兴区-亦庄电信通-主楼-MD06,I13,10.142.141.20,10.142.130.148,<licong10@le.com>,EUI mobile,V2 [CPU:8C 内存:16G 硬盘:200G ||生产环境（高配） ],kvm,,10.142.130.148,,致新业务,致新android编译,孙博(sunbo@letv.com),,,,
北京市-大兴区-亦庄电信通-主楼-MD06,I13,10.142.141.66,10.142.130.144,<jiangzhipeng@le.com>,EUI mobile,V2 [CPU:8C 内存:16G 硬盘:200G ||生产环境（高配） ],kvm,,10.142.130.144,,致新业务,致新android编译,孙博(sunbo@letv.com),,,,
北京市-大兴区-亦庄电信通-主楼-MD06,I14,10.142.141.74,10.142.130.160,姜恒<jiangheng@le.com>,EUI mobile,V2 [CPU:8C 内存:16G 硬盘:200G ||生产环境（高配） ],kvm,,10.142.130.160,,致新业务,致新android编译,孙博(sunbo@letv.com),,,,
北京市-大兴区-亦庄电信通-主楼-MD06,I13,10.142.141.68,10.142.130.155,王晓斌1<wangxiaobin1@le.com>,EUI mobile,V2 [CPU:8C 内存:16G 硬盘:200G ||生产环境（高配） ],kvm,,10.142.130.155,,致新业务,致新android编译,孙博(sunbo@letv.com),,,,
北京市-大兴区-亦庄电信通-主楼-MD06,I14,10.142.141.77,10.142.130.141,丁雄伟<dingxiongwei@le.com>,Mobile,V2 [CPU:8C 内存:16G 硬盘:200G ||生产环境（高配） ],kvm,,10.142.130.141,,致新业务,致新android编译,孙博(sunbo@letv.com),,,,
北京市-大兴区-亦庄电信通-主楼-MD06,I14,10.142.141.84,10.142.130.140,宋 棒棒<songbangbang@le.com>,EUI mobile,V2 [CPU:8C 内存:16G 硬盘:200G ||生产环境（高配） ],kvm,,10.142.130.140,,致新业务,致新android编译,孙博(sunbo@letv.com),,,,
北京市-大兴区-亦庄电信通-主楼-MD06,I13,10.142.141.40,10.142.130.137,Zhiqin Weng(翁志钦)<wengzhiqin@le.com>,EUI mobile,V2 [CPU:8C 内存:16G 硬盘:200G ||生产环境（高配） ],kvm,,10.142.130.137,,致新业务,致新android编译,孙博(sunbo@letv.com),,,,
北京市-大兴区-亦庄电信通-主楼-MD06,I14,10.142.141.80,10.142.130.159,陈 国政<chenguozheng@le.com>,TV,V2 [CPU:8C 内存:16G 硬盘:200G ||生产环境（高配） ],kvm,,10.142.130.159,,致新业务,致新android编译,孙博(sunbo@letv.com),,,,
北京市-大兴区-亦庄电信通-主楼-MD06,I13,10.142.141.30,10.142.130.154,Tonghui Tang (唐同辉)<tangtonghui@le.com>,Modem,V2 [CPU:8C 内存:16G 硬盘:200G ||生产环境（高配） ],kvm,,10.142.130.154,,致新业务,致新android编译,孙博(sunbo@letv.com),,,,
北京市-大兴区-亦庄电信通-主楼-MD06,I13,10.142.141.69,10.142.130.151,Bo Yang (杨博10)<yangbo10@le.com>,Modem,V2 [CPU:8C 内存:16G 硬盘:200G ||生产环境（高配） ],kvm,,10.142.130.151,,致新业务,致新android编译,孙博(sunbo@letv.com),,,,
北京市-大兴区-亦庄电信通-主楼-MD06,I14,10.142.141.81,10.142.130.138,黄滔<huangtao@le.com>,EUI mobile,V2 [CPU:8C 内存:16G 硬盘:200G ||生产环境（高配） ],kvm,,10.142.130.138,,致新业务,致新android编译,孙博(sunbo@letv.com),,,,
北京市-大兴区-亦庄电信通-主楼-MD06,I14,10.142.141.78,10.142.130.142,夏 维<xiawei@le.com>,TV,V2 [CPU:8C 内存:16G 硬盘:200G ||生产环境（高配） ],kvm,,10.142.130.142,,致新业务,致新android编译,孙博(sunbo@letv.com),,,,
北京市-大兴区-亦庄电信通-主楼-MD06,I14,10.142.141.82,10.142.130.136,,,V2 [CPU:8C 内存:16G 硬盘:200G ||生产环境（高配） ],kvm,,10.142.130.136,,致新业务,致新android编译,孙博(sunbo@letv.com),,,,
北京市-大兴区-亦庄电信通-主楼-MD06,I14,10.142.141.83,10.142.130.143,,,V2 [CPU:8C 内存:16G 硬盘:200G ||生产环境（高配） ],kvm,,10.142.130.143,,致新业务,致新android编译,孙博(sunbo@letv.com),,,,
北京市-大兴区-亦庄电信通-主楼-MD06,I14,10.142.141.75,10.142.130.134,,,V2 [CPU:8C 内存:16G 硬盘:200G ||生产环境（高配） ],kvm,,10.142.130.134,,致新业务,致新android编译,孙博(sunbo@letv.com),,,,
北京市-大兴区-亦庄电信通-主楼-MD06,I13,10.142.141.72,10.142.130.139,,,V2 [CPU:8C 内存:16G 硬盘:200G ||生产环境（高配） ],kvm,,10.142.130.139,,致新业务,致新android编译,孙博(sunbo@letv.com),,,,
北京市-大兴区-亦庄电信通-主楼-MD06,I14,10.142.141.79,10.142.130.133,,,V2 [CPU:8C 内存:16G 硬盘:200G ||生产环境（高配） ],kvm,,10.142.130.133,,致新业务,致新android编译,孙博(sunbo@letv.com),,,,
北京市-大兴区-亦庄电信通-主楼-MD06,I13,10.142.141.67,10.142.130.131,,,V2 [CPU:8C 内存:16G 硬盘:200G ||生产环境（高配） ],kvm,,10.142.130.131,,致新业务,致新android编译,孙博(sunbo@letv.com),,,,
北京市-大兴区-亦庄电信通-主楼-MD06,I13,10.142.141.50,10.142.130.128,,,V2 [CPU:8C 内存:16G 硬盘:200G ||生产环境（高配） ],kvm,,10.142.130.128,,致新业务,致新android编译,孙博(sunbo@letv.com),,,,
北京市-大兴区-亦庄电信通-主楼-MD06,I13,10.142.141.70,10.142.130.132,,,V2 [CPU:8C 内存:16G 硬盘:200G ||生产环境（高配） ],kvm,,10.142.130.132,,致新业务,致新android编译,孙博(sunbo@letv.com),,,,
北京市-大兴区-亦庄电信通-主楼-MD06,I13,10.142.141.71,10.142.130.130,,,V2 [CPU:8C 内存:16G 硬盘:200G ||生产环境（高配） ],kvm,,10.142.130.130,,致新业务,致新android编译,孙博(sunbo@letv.com),,,,
北京市-大兴区-亦庄电信通-主楼-MD06,I13,10.142.141.73,10.142.130.126,,,V2 [CPU:8C 内存:16G 硬盘:200G ||生产环境（高配） ],kvm,,10.142.130.126,,致新业务,致新android编译,孙博(sunbo@letv.com),,,,
北京市-大兴区-亦庄电信通-主楼-MD06,I13,10.142.141.10,10.142.130.145,,,V2 [CPU:8C 内存:16G 硬盘:200G ||生产环境（高配） ],kvm,,10.142.130.145,,致新业务,致新android编译,孙博(sunbo@letv.com),,,,
北京市-大兴区-亦庄电信通-主楼-MD06,I14,10.142.141.85,10.142.130.129,,,V2 [CPU:8C 内存:16G 硬盘:200G ||生产环境（高配） ],kvm,,10.142.130.129,,致新业务,致新android编译,孙博(sunbo@letv.com),,,,
北京市-大兴区-亦庄电信通-主楼-MD06,I13,10.142.141.67,10.142.130.157,,,V2 [CPU:8C 内存:16G 硬盘:200G ||生产环境（高配） ],kvm,,10.142.130.157,,致新业务,致新android编译,孙博(sunbo@letv.com),,,,
北京市-大兴区-亦庄电信通-主楼-MD06,I13,10.142.141.20,10.142.130.135,,,V2 [CPU:8C 内存:16G 硬盘:200G ||生产环境（高配） ],kvm,,10.142.130.135,,致新业务,致新android编译,孙博(sunbo@letv.com),,,,
北京市-大兴区-亦庄电信通-主楼-MD06,I13,10.142.141.66,10.142.130.122,,,V2 [CPU:8C 内存:16G 硬盘:200G ||生产环境（高配） ],kvm,,10.142.130.122,,致新业务,致新android编译,孙博(sunbo@letv.com),,,,
北京市-大兴区-亦庄电信通-主楼-MD06,I14,10.142.141.74,10.142.130.125,,,V2 [CPU:8C 内存:16G 硬盘:200G ||生产环境（高配） ],kvm,,10.142.130.125,,致新业务,致新android编译,孙博(sunbo@letv.com),,,,
北京市-大兴区-亦庄电信通-主楼-MD06,I13,10.142.141.68,10.142.130.121,,,V2 [CPU:8C 内存:16G 硬盘:200G ||生产环境（高配） ],kvm,,10.142.130.121,,致新业务,致新android编译,孙博(sunbo@letv.com),,,,
北京市-大兴区-亦庄电信通-主楼-MD06,I14,10.142.141.77,10.142.130.127,,,V6 [CPU:8C 内核:16G 硬盘:360G ||专用集群（致新编译） ],kvm,,10.142.130.127,,致新业务,致新android编译,孙博(sunbo@letv.com),,,,
北京市-大兴区-亦庄电信通-主楼-MD06,I14,10.142.141.84,10.142.130.118,,,V6 [CPU:8C 内核:16G 硬盘:360G ||专用集群（致新编译） ],kvm,,10.142.130.118,,致新业务,致新android编译,孙博(sunbo@letv.com),,,,
北京市-大兴区-亦庄电信通-主楼-MD06,I13,10.142.141.40,10.142.130.117,,,V6 [CPU:8C 内核:16G 硬盘:360G ||专用集群（致新编译） ],kvm,,10.142.130.117,,致新业务,致新android编译,孙博(sunbo@letv.com),,,,
北京市-大兴区-亦庄电信通-主楼-MD06,I14,10.142.141.80,10.142.130.116,,,V6 [CPU:8C 内核:16G 硬盘:360G ||专用集群（致新编译） ],kvm,,10.142.130.116,,致新业务,致新android编译,孙博(sunbo@letv.com),,,,
北京市-大兴区-亦庄电信通-主楼-MD06,I13,10.142.141.30,10.142.130.119,,,V6 [CPU:8C 内核:16G 硬盘:360G ||专用集群（致新编译） ],kvm,,10.142.130.119,,致新业务,致新android编译,孙博(sunbo@letv.com),,,,
北京市-大兴区-亦庄电信通-主楼-MD06,I13,10.142.141.69,10.142.130.113,,,V6 [CPU:8C 内核:16G 硬盘:360G ||专用集群（致新编译） ],kvm,,10.142.130.113,,致新业务,致新android编译,孙博(sunbo@letv.com),,,,
北京市-大兴区-亦庄电信通-主楼-MD06,I14,10.142.141.81,10.142.130.115,,,V6 [CPU:8C 内核:16G 硬盘:360G ||专用集群（致新编译） ],kvm,,10.142.130.115,,致新业务,致新android编译,孙博(sunbo@letv.com),,,,
北京市-大兴区-亦庄电信通-主楼-MD06,I14,10.142.141.78,10.142.130.114,,,V6 [CPU:8C 内核:16G 硬盘:360G ||专用集群（致新编译） ],kvm,,10.142.130.114,,致新业务,致新android编译,孙博(sunbo@letv.com),,,,
北京市-大兴区-亦庄电信通-主楼-MD06,I14,10.142.141.82,10.142.130.110,,,V6 [CPU:8C 内核:16G 硬盘:360G ||专用集群（致新编译） ],kvm,,10.142.130.110,,致新业务,致新android编译,孙博(sunbo@letv.com),,,,
北京市-大兴区-亦庄电信通-主楼-MD06,I14,10.142.141.83,10.142.130.112,,,V6 [CPU:8C 内核:16G 硬盘:360G ||专用集群（致新编译） ],kvm,,10.142.130.112,,致新业务,致新android编译,孙博(sunbo@letv.com),,,,
北京市-大兴区-亦庄电信通-主楼-MD06,I14,10.142.141.75,10.142.130.111,,,V6 [CPU:8C 内核:16G 硬盘:360G ||专用集群（致新编译） ],kvm,,10.142.130.111,,致新业务,致新android编译,孙博(sunbo@letv.com),,,,
北京市-大兴区-亦庄电信通-主楼-MD06,I13,10.142.141.72,10.142.130.109,,,V6 [CPU:8C 内核:16G 硬盘:360G ||专用集群（致新编译） ],kvm,,10.142.130.109,,致新业务,致新android编译,孙博(sunbo@letv.com),,,,
北京市-大兴区-亦庄电信通-主楼-MD06,I14,10.142.141.79,10.142.130.107,,,V6 [CPU:8C 内核:16G 硬盘:360G ||专用集群（致新编译） ],kvm,,10.142.130.107,,致新业务,致新android编译,孙博(sunbo@letv.com),,,,
北京市-大兴区-亦庄电信通-主楼-MD06,I13,10.142.141.67,10.142.130.108,,,V6 [CPU:8C 内核:16G 硬盘:360G ||专用集群（致新编译） ],kvm,,10.142.130.108,,致新业务,致新android编译,孙博(sunbo@letv.com),,,,
北京市-大兴区-亦庄电信通-主楼-MD06,I13,10.142.141.50,10.142.130.106,,,V6 [CPU:8C 内核:16G 硬盘:360G ||专用集群（致新编译） ],kvm,,10.142.130.106,,致新业务,致新android编译,孙博(sunbo@letv.com),,,,
北京市-大兴区-亦庄电信通-主楼-MD06,I14,10.142.141.78,10.142.130.123,,,V6 [CPU:8C 内核:16G 硬盘:360G ||专用集群（致新编译） ],kvm,,10.142.130.123,,致新业务,致新android编译,孙博(sunbo@letv.com),,,,
北京市-大兴区-亦庄电信通-主楼-MD06,I13,10.142.141.50,10.142.130.124,,,V6 [CPU:8C 内核:16G 硬盘:360G ||专用集群（致新编译） ],kvm,,10.142.130.124,,致新业务,致新android编译,孙博(sunbo@letv.com),,,,
北京市-大兴区-亦庄电信通-主楼-MD06,I14,10.142.141.82,10.142.130.120,,,V6 [CPU:8C 内核:16G 硬盘:360G ||专用集群（致新编译） ],kvm,,10.142.130.120,,致新业务,致新android编译,孙博(sunbo@letv.com),,,,
北京市-大兴区-亦庄电信通-主楼-MD06,I13,10.142.141.70,10.142.130.89,,,V6 [CPU:8C 内核:16G 硬盘:360G ||专用集群（致新编译） ],kvm,,10.142.130.89,,致新业务,致新android编译,孙博(sunbo@letv.com),,,,
北京市-大兴区-亦庄电信通-主楼-MD06,I13,10.142.141.71,10.142.130.91,,,V6 [CPU:8C 内核:16G 硬盘:360G ||专用集群（致新编译） ],kvm,,10.142.130.91,,致新业务,致新android编译,孙博(sunbo@letv.com),,,,
北京市-大兴区-亦庄电信通-主楼-MD06,I13,10.142.141.73,10.142.130.97,,,V6 [CPU:8C 内核:16G 硬盘:360G ||专用集群（致新编译） ],kvm,,10.142.130.97,,致新业务,致新android编译,孙博(sunbo@letv.com),,,,
北京市-大兴区-亦庄电信通-主楼-MD06,I13,10.142.141.10,10.142.130.93,,,V6 [CPU:8C 内核:16G 硬盘:360G ||专用集群（致新编译） ],kvm,,10.142.130.93,,致新业务,致新android编译,孙博(sunbo@letv.com),,,,
北京市-大兴区-亦庄电信通-主楼-MD06,I14,10.142.141.85,10.142.130.96,,,V6 [CPU:8C 内核:16G 硬盘:360G ||专用集群（致新编译） ],kvm,,10.142.130.96,,致新业务,致新android编译,孙博(sunbo@letv.com),,,,
北京市-大兴区-亦庄电信通-主楼-MD06,I14,10.142.141.76,10.142.130.100,,,V6 [CPU:8C 内核:16G 硬盘:360G ||专用集群（致新编译） ],kvm,,10.142.130.100,,致新业务,致新android编译,孙博(sunbo@letv.com),,,,
北京市-大兴区-亦庄电信通-主楼-MD06,I14,10.142.141.76,10.142.130.104,,,V6 [CPU:8C 内核:16G 硬盘:360G ||专用集群（致新编译） ],kvm,,10.142.130.104,,致新业务,致新android编译,孙博(sunbo@letv.com),,,,
北京市-大兴区-亦庄电信通-主楼-MD06,I13,10.142.141.20,10.142.130.99,,,V6 [CPU:8C 内核:16G 硬盘:360G ||专用集群（致新编译） ],kvm,,10.142.130.99,,致新业务,致新android编译,孙博(sunbo@letv.com),,,,
北京市-大兴区-亦庄电信通-主楼-MD06,I13,10.142.141.66,10.142.130.76,,,V6 [CPU:8C 内核:16G 硬盘:360G ||专用集群（致新编译） ],kvm,,10.142.130.76,,致新业务,致新android编译,孙博(sunbo@letv.com),,,,
北京市-大兴区-亦庄电信通-主楼-MD06,I14,10.142.141.74,10.142.130.94,,,V6 [CPU:8C 内核:16G 硬盘:360G ||专用集群（致新编译） ],kvm,,10.142.130.94,,致新业务,致新android编译,孙博(sunbo@letv.com),,,,
北京市-大兴区-亦庄电信通-主楼-MD06,I13,10.142.141.68,10.142.130.92,,,V6 [CPU:8C 内核:16G 硬盘:360G ||专用集群（致新编译） ],kvm,,10.142.130.92,,致新业务,致新android编译,孙博(sunbo@letv.com),,,,
北京市-大兴区-亦庄电信通-主楼-MD06,I14,10.142.141.77,10.142.130.102,,,V6 [CPU:8C 内核:16G 硬盘:360G ||专用集群（致新编译） ],kvm,,10.142.130.102,,致新业务,致新android编译,孙博(sunbo@letv.com),,,,
北京市-大兴区-亦庄电信通-主楼-MD06,I14,10.142.141.84,10.142.130.88,,,V6 [CPU:8C 内核:16G 硬盘:360G ||专用集群（致新编译） ],kvm,,10.142.130.88,,致新业务,致新android编译,孙博(sunbo@letv.com),,,,
北京市-大兴区-亦庄电信通-主楼-MD06,I13,10.142.141.40,10.142.130.75,,,V6 [CPU:8C 内核:16G 硬盘:360G ||专用集群（致新编译） ],kvm,,10.142.130.75,,致新业务,致新android编译,孙博(sunbo@letv.com),,,,
北京市-大兴区-亦庄电信通-主楼-MD06,I14,10.142.141.80,10.142.130.81,,,V6 [CPU:8C 内核:16G 硬盘:360G ||专用集群（致新编译） ],kvm,,10.142.130.81,,致新业务,致新android编译,孙博(sunbo@letv.com),,,,
北京市-大兴区-亦庄电信通-主楼-MD06,I13,10.142.141.30,10.142.130.98,,,V6 [CPU:8C 内核:16G 硬盘:360G ||专用集群（致新编译） ],kvm,,10.142.130.98,,致新业务,致新android编译,孙博(sunbo@letv.com),,,,
北京市-大兴区-亦庄电信通-主楼-MD06,I13,10.142.141.69,10.142.130.84,,,V6 [CPU:8C 内核:16G 硬盘:360G ||专用集群（致新编译） ],kvm,,10.142.130.84,,致新业务,致新android编译,孙博(sunbo@letv.com),,,,
北京市-大兴区-亦庄电信通-主楼-MD06,I14,10.142.141.81,10.142.130.101,,,V6 [CPU:8C 内核:16G 硬盘:360G ||专用集群（致新编译） ],kvm,,10.142.130.101,,致新业务,致新android编译,孙博(sunbo@letv.com),,,,
北京市-大兴区-亦庄电信通-主楼-MD06,I14,10.142.141.78,10.142.130.79,,,V6 [CPU:8C 内核:16G 硬盘:360G ||专用集群（致新编译） ],kvm,,10.142.130.79,,致新业务,致新android编译,孙博(sunbo@letv.com),,,,
北京市-大兴区-亦庄电信通-主楼-MD06,I14,10.142.141.82,10.142.130.90,,,V6 [CPU:8C 内核:16G 硬盘:360G ||专用集群（致新编译） ],kvm,,10.142.130.90,,致新业务,致新android编译,孙博(sunbo@letv.com),,,,
北京市-大兴区-亦庄电信通-主楼-MD06,I14,10.142.141.83,10.142.130.71,,,V6 [CPU:8C 内核:16G 硬盘:360G ||专用集群（致新编译） ],kvm,,10.142.130.71,,致新业务,致新android编译,孙博(sunbo@letv.com),,,,
北京市-大兴区-亦庄电信通-主楼-MD06,I14,10.142.141.75,10.142.130.83,,,V6 [CPU:8C 内核:16G 硬盘:360G ||专用集群（致新编译） ],kvm,,10.142.130.83,,致新业务,致新android编译,孙博(sunbo@letv.com),,,,
北京市-大兴区-亦庄电信通-主楼-MD06,I13,10.142.141.72,10.142.130.73,,,V6 [CPU:8C 内核:16G 硬盘:360G ||专用集群（致新编译） ],kvm,,10.142.130.73,,致新业务,致新android编译,孙博(sunbo@letv.com),,,,
北京市-大兴区-亦庄电信通-主楼-MD06,I14,10.142.141.79,10.142.130.68,,,V6 [CPU:8C 内核:16G 硬盘:360G ||专用集群（致新编译） ],kvm,,10.142.130.68,,致新业务,致新android编译,孙博(sunbo@letv.com),,,,
北京市-大兴区-亦庄电信通-主楼-MD06,I13,10.142.141.67,10.142.130.85,,,V6 [CPU:8C 内核:16G 硬盘:360G ||专用集群（致新编译） ],kvm,,10.142.130.85,,致新业务,致新android编译,孙博(sunbo@letv.com),,,,
北京市-大兴区-亦庄电信通-主楼-MD06,I13,10.142.141.50,10.142.130.86,,,V6 [CPU:8C 内核:16G 硬盘:360G ||专用集群（致新编译） ],kvm,,10.142.130.86,,致新业务,致新android编译,孙博(sunbo@letv.com),,,,
北京市-大兴区-亦庄电信通-主楼-MD06,I13,10.142.141.70,10.142.130.74,,,V6 [CPU:8C 内核:16G 硬盘:360G ||专用集群（致新编译） ],kvm,,10.142.130.74,,致新业务,致新android编译,孙博(sunbo@letv.com),,,,
北京市-大兴区-亦庄电信通-主楼-MD06,I13,10.142.141.71,10.142.130.82,,,V6 [CPU:8C 内核:16G 硬盘:360G ||专用集群（致新编译） ],kvm,,10.142.130.82,,致新业务,致新android编译,孙博(sunbo@letv.com),,,,
北京市-大兴区-亦庄电信通-主楼-MD06,I13,10.142.141.73,10.142.130.87,,,V6 [CPU:8C 内核:16G 硬盘:360G ||专用集群（致新编译） ],kvm,,10.142.130.87,,致新业务,致新android编译,孙博(sunbo@letv.com),,,,
北京市-大兴区-亦庄电信通-主楼-MD06,I13,10.142.141.10,10.142.130.72,,,V6 [CPU:8C 内核:16G 硬盘:360G ||专用集群（致新编译） ],kvm,,10.142.130.72,,致新业务,致新android编译,孙博(sunbo@letv.com),,,,
北京市-大兴区-亦庄电信通-主楼-MD06,I14,10.142.141.85,10.142.130.95,  张李莉<zhanglili6@le.com>,SCM,V6 [CPU:8C 内核:16G 硬盘:360G ||专用集群（致新编译） ],kvm,,10.142.130.95,,致新业务,致新android编译,孙博(sunbo@letv.com),,,,
北京市-大兴区-亦庄电信通-主楼-MD06,I14,10.142.141.76,10.142.130.77,,,V6 [CPU:8C 内核:16G 硬盘:360G ||专用集群（致新编译） ],kvm,,10.142.130.77,,致新业务,致新android编译,孙博(sunbo@letv.com),,,,
北京市-大兴区-亦庄电信通-主楼-MD06,I13,10.142.141.20,10.142.130.70,,,V6 [CPU:8C 内核:16G 硬盘:360G ||专用集群（致新编译） ],kvm,,10.142.130.70,,致新业务,致新android编译,孙博(sunbo@letv.com),,,,
北京市-大兴区-亦庄电信通-主楼-MD06,I13,10.142.141.66,10.142.130.67,,,V6 [CPU:8C 内核:16G 硬盘:360G ||专用集群（致新编译） ],kvm,,10.142.130.67,,致新业务,致新android编译,孙博(sunbo@letv.com),,,,
北京市-大兴区-亦庄电信通-主楼-MD06,I14,10.142.141.74,10.142.130.105,,,V6 [CPU:8C 内核:16G 硬盘:360G ||专用集群（致新编译） ],kvm,,10.142.130.105,,致新业务,致新android编译,孙博(sunbo@letv.com),,,,
北京市-大兴区-亦庄电信通-主楼-MD06,I13,10.142.141.68,10.142.130.69,,,V6 [CPU:8C 内核:16G 硬盘:360G ||专用集群（致新编译） ],kvm,,10.142.130.69,,致新业务,致新android编译,孙博(sunbo@letv.com),,,,
北京市-大兴区-亦庄电信通-主楼-MD06,I14,10.142.141.77,10.142.130.61,,,V6 [CPU:8C 内核:16G 硬盘:360G ||专用集群（致新编译） ],kvm,,10.142.130.61,,致新业务,致新android编译,孙博(sunbo@letv.com),,,,
北京市-大兴区-亦庄电信通-主楼-MD06,I14,10.142.141.84,10.142.130.78,,,V6 [CPU:8C 内核:16G 硬盘:360G ||专用集群（致新编译） ],kvm,,10.142.130.78,,致新业务,致新android编译,孙博(sunbo@letv.com),,,,
北京市-大兴区-亦庄电信通-主楼-MD06,I13,10.142.141.40,10.142.130.64,,,V6 [CPU:8C 内核:16G 硬盘:360G ||专用集群（致新编译） ],kvm,,10.142.130.64,,致新业务,致新android编译,孙博(sunbo@letv.com),,,,
北京市-大兴区-亦庄电信通-主楼-MD06,I14,10.142.141.80,10.142.130.65,,,V6 [CPU:8C 内核:16G 硬盘:360G ||专用集群（致新编译） ],kvm,,10.142.130.65,,致新业务,致新android编译,孙博(sunbo@letv.com),,,,
北京市-大兴区-亦庄电信通-主楼-MD06,I13,10.142.141.30,10.142.130.63,,,V6 [CPU:8C 内核:16G 硬盘:360G ||专用集群（致新编译） ],kvm,,10.142.130.63,,致新业务,致新android编译,孙博(sunbo@letv.com),,,,
北京市-大兴区-亦庄电信通-主楼-MD06,I13,10.142.141.69,10.142.130.103,,,V6 [CPU:8C 内核:16G 硬盘:360G ||专用集群（致新编译） ],kvm,,10.142.130.103,,致新业务,致新android编译,孙博(sunbo@letv.com),,,,
北京市-大兴区-亦庄电信通-主楼-MD06,I14,10.142.141.81,10.142.130.59,,,V6 [CPU:8C 内核:16G 硬盘:360G ||专用集群（致新编译） ],kvm,,10.142.130.59,,致新业务,致新android编译,孙博(sunbo@letv.com),,,,
北京市-大兴区-亦庄电信通-主楼-MD06,I14,10.142.141.78,10.142.130.58,,,V6 [CPU:8C 内核:16G 硬盘:360G ||专用集群（致新编译） ],kvm,,10.142.130.58,,致新业务,致新android编译,孙博(sunbo@letv.com),,,,
北京市-大兴区-亦庄电信通-主楼-MD06,I14,10.142.141.82,10.142.130.66,,,V6 [CPU:8C 内核:16G 硬盘:360G ||专用集群（致新编译） ],kvm,,10.142.130.66,,致新业务,致新android编译,孙博(sunbo@letv.com),,,,
北京市-大兴区-亦庄电信通-主楼-MD06,I14,10.142.141.83,10.142.130.56,,,V6 [CPU:8C 内核:16G 硬盘:360G ||专用集群（致新编译） ],kvm,,10.142.130.56,,致新业务,致新android编译,孙博(sunbo@letv.com),,,,
北京市-大兴区-亦庄电信通-主楼-MD06,I14,10.142.141.75,10.142.130.60,,,V6 [CPU:8C 内核:16G 硬盘:360G ||专用集群（致新编译） ],kvm,,10.142.130.60,,致新业务,致新android编译,孙博(sunbo@letv.com),,,,
北京市-大兴区-亦庄电信通-主楼-MD06,I13,10.142.141.72,10.142.130.62,,,V6 [CPU:8C 内核:16G 硬盘:360G ||专用集群（致新编译） ],kvm,,10.142.130.62,,致新业务,致新android编译,孙博(sunbo@letv.com),,,,
北京市-大兴区-亦庄电信通-主楼-MD06,I14,10.142.141.79,10.142.130.54,,,V6 [CPU:8C 内核:16G 硬盘:360G ||专用集群（致新编译） ],kvm,,10.142.130.54,,致新业务,致新android编译,孙博(sunbo@letv.com),,,,
北京市-大兴区-亦庄电信通-主楼-MD06,I13,10.142.141.67,10.142.130.57,,,V6 [CPU:8C 内核:16G 硬盘:360G ||专用集群（致新编译） ],kvm,,10.142.130.57,,致新业务,致新android编译,孙博(sunbo@letv.com),,,,
北京市-大兴区-亦庄电信通-主楼-MD06,I13,10.142.141.50,10.142.130.53,,,V6 [CPU:8C 内核:16G 硬盘:360G ||专用集群（致新编译） ],kvm,,10.142.130.53,,致新业务,致新android编译,孙博(sunbo@letv.com),,,,
北京市-大兴区-亦庄电信通-主楼-MD06,I13,10.142.141.70,10.142.130.55,,,V6 [CPU:8C 内核:16G 硬盘:360G ||专用集群（致新编译） ],kvm,,10.142.130.55,,致新业务,致新android编译,孙博(sunbo@letv.com),,,,
北京市-大兴区-亦庄电信通-主楼-MD06,I13,10.142.141.71,10.142.130.52,,,V6 [CPU:8C 内核:16G 硬盘:360G ||专用集群（致新编译） ],kvm,,10.142.130.52,,致新业务,致新android编译,孙博(sunbo@letv.com),,,,
北京市-大兴区-亦庄电信通-主楼-MD06,I13,10.142.141.73,10.142.130.51,,,V6 [CPU:8C 内核:16G 硬盘:360G ||专用集群（致新编译） ],kvm,,10.142.130.51,,致新业务,致新android编译,孙博(sunbo@letv.com),,,,
北京市-大兴区-亦庄电信通-主楼-MD06,I13,10.142.141.10,10.142.130.50,,,V6 [CPU:8C 内核:16G 硬盘:360G ||专用集群（致新编译） ],kvm,,10.142.130.50,,致新业务,致新android编译,孙博(sunbo@letv.com),,,,
北京市-大兴区-亦庄电信通-主楼-MD06,I14,10.142.141.85,10.142.130.48,,,V6 [CPU:8C 内核:16G 硬盘:360G ||专用集群（致新编译） ],kvm,,10.142.130.48,,致新业务,致新android编译,孙博(sunbo@letv.com),,,,
北京市-大兴区-亦庄电信通-主楼-MD06,I13,10.142.141.20,10.142.130.46,,,V6 [CPU:8C 内核:16G 硬盘:360G ||专用集群（致新编译） ],kvm,,10.142.130.46,,致新业务,致新android编译,孙博(sunbo@letv.com),,,,
北京市-大兴区-亦庄电信通-主楼-MD06,I13,10.142.141.66,10.142.130.47,,,V6 [CPU:8C 内核:16G 硬盘:360G ||专用集群（致新编译） ],kvm,,10.142.130.47,,致新业务,致新android编译,孙博(sunbo@letv.com),,,,
北京市-大兴区-亦庄电信通-主楼-MD06,I14,10.142.141.84,10.142.130.45,,,V6 [CPU:8C 内核:16G 硬盘:360G ||专用集群（致新编译） ],kvm,,10.142.130.45,,致新业务,致新android编译,孙博(sunbo@letv.com),,,,
北京市-大兴区-亦庄电信通-主楼-MD06,I13,10.142.141.40,10.142.130.39,李光明<liguangming1@le.com>,EUI-系统组,V6 [CPU:8C 内核:16G 硬盘:360G ||专用集群（致新编译） ],kvm,,10.142.130.39,,致新业务,致新android编译,孙博(sunbo@letv.com),,,,
北京市-大兴区-亦庄电信通-主楼-MD06,I14,10.142.141.80,10.142.130.43,孙大亮<sundaliang1@le.com>,EUI-通讯组,V6 [CPU:8C 内核:16G 硬盘:360G ||专用集群（致新编译） ],kvm,,10.142.130.43,,致新业务,致新android编译,孙博(sunbo@letv.com),,,,
北京市-大兴区-亦庄电信通-主楼-MD06,I13,10.142.141.68,10.142.130.42,靳鹏飞<jinpengfei@le.com>,EUI mobile,V6 [CPU:8C 内核:16G 硬盘:360G ||专用集群（致新编译） ],kvm,,10.142.130.42,,致新业务,致新android编译,孙博(sunbo@letv.com),,,,
北京市-大兴区-亦庄电信通-主楼-MD06,I14,10.142.141.77,10.142.130.41,Jun Yi(伊君) <yijun@le.com>,Mobile,V6 [CPU:8C 内核:16G 硬盘:360G ||专用集群（致新编译） ],kvm,,10.142.130.41,,致新业务,致新android编译,孙博(sunbo@letv.com),,,,
北京市-大兴区-亦庄电信通-主楼-MD06,I14,10.142.141.74,10.142.130.44,翟建利  <zhaijianli@le.com>,TV,V6 [CPU:8C 内核:16G 硬盘:360G ||专用集群（致新编译） ],kvm,,10.142.130.44,,致新业务,致新android编译,孙博(sunbo@letv.com),,,,
北京市-大兴区-亦庄电信通-主楼-MD06,I13,10.142.141.30,10.142.130.33,任海林 <renhailin@le.com>,TV,V6 [CPU:8C 内核:16G 硬盘:360G ||专用集群（致新编译） ],kvm,,10.142.130.33,,致新业务,致新android编译,孙博(sunbo@letv.com),,,,
北京市-大兴区-亦庄电信通-主楼-MD06,I13,10.142.141.69,10.142.130.31,Shaohui Xin (辛少辉) <xinshaohui@le.com>,多媒体,V6 [CPU:8C 内核:16G 硬盘:360G ||专用集群（致新编译） ],kvm,,10.142.130.31,,致新业务,致新android编译,孙博(sunbo@letv.com),,,,
北京市-大兴区-亦庄电信通-主楼-MD06,I14,10.142.141.81,10.142.130.30,苍鹏  <cangpeng@le.com>,多媒体,V6 [CPU:8C 内核:16G 硬盘:360G ||专用集群（致新编译） ],kvm,,10.142.130.30,,致新业务,致新android编译,孙博(sunbo@letv.com),,,,
北京市-大兴区-亦庄电信通-主楼-MD06,I14,10.142.141.78,10.142.130.32,张科1 <zhangke1@le.com>,多媒体,V6 [CPU:8C 内核:16G 硬盘:360G ||专用集群（致新编译） ],kvm,,10.142.130.32,,致新业务,致新android编译,孙博(sunbo@letv.com),,,,
北京市-大兴区-亦庄电信通-主楼-MD06,I14,10.142.141.82,10.142.130.29,刘海波 <liuhaibo@le.com>,Mobile,V6 [CPU:8C 内核:16G 硬盘:360G ||专用集群（致新编译） ],kvm,,10.142.130.29,,致新业务,致新android编译,孙博(sunbo@letv.com),,,,
北京市-大兴区-亦庄电信通-主楼-MD06,I14,10.142.141.75,10.142.130.28,宋宜蒙 <songyimeng@le.com>,TV,V6 [CPU:8C 内核:16G 硬盘:360G ||专用集群（致新编译） ],kvm,,10.142.130.28,,致新业务,致新android编译,孙博(sunbo@letv.com),,,,
北京市-大兴区-亦庄电信通-主楼-MD06,I13,10.142.141.70,10.142.130.27,吴会杰 <wuhuijie@letv.com>,Mobile,V6 [CPU:8C 内核:16G 硬盘:360G ||专用集群（致新编译） ],kvm,,10.142.130.27,,致新业务,致新android编译,孙博(sunbo@letv.com),,,,
北京市-大兴区-亦庄电信通-主楼-MD06,I13,10.142.141.67,10.142.130.24,Wangwei Chen(陈王伟) <chenwangwei@le.com> ,Mobile,V6 [CPU:8C 内核:16G 硬盘:360G ||专用集群（致新编译） ],kvm,,10.142.130.24,,致新业务,致新android编译,孙博(sunbo@letv.com),,,,
北京市-大兴区-亦庄电信通-主楼-MD06,I14,10.142.141.83,10.142.130.21, 胡玮玮 <huweiwei@le.com>,Modem,V6 [CPU:8C 内核:16G 硬盘:360G ||专用集群（致新编译） ],kvm,,10.142.130.21,,致新业务,致新android编译,孙博(sunbo@letv.com),,,,
北京市-大兴区-亦庄电信通-主楼-MD06,I13,10.142.141.50,10.142.130.25,夏寿勇 <xiashouyong@le.com>,相机,V6 [CPU:8C 内核:16G 硬盘:360G ||专用集群（致新编译） ],kvm,,10.142.130.25,,致新业务,致新android编译,孙博(sunbo@letv.com),,,,
北京市-大兴区-亦庄电信通-主楼-MD06,I14,10.142.141.79,10.142.130.26,刘丹 <liudan11@le.com>,SCM,V6 [CPU:8C 内核:16G 硬盘:360G ||专用集群（致新编译） ],kvm,,10.142.130.26,,致新业务,致新android编译,孙博(sunbo@letv.com),,,,
北京市-大兴区-亦庄电信通-主楼-MD06,I13,10.142.141.72,10.142.130.22,罗汉彬 <luohanbin@le.com>,SCM,V6 [CPU:8C 内核:16G 硬盘:360G ||专用集群（致新编译） ],kvm,,10.142.130.22,,致新业务,致新android编译,孙博(sunbo@letv.com),,,,
北京市-大兴区-亦庄电信通-主楼-MD06,I13,10.142.141.10,10.142.130.11,张帆5 <zhangfan5@letv.com> ,Modem,V6 [CPU:8C 内核:16G 硬盘:360G ||专用集群（致新编译） ],kvm,,10.142.130.11,,致新业务,致新android编译,孙博(sunbo@letv.com),,,,
北京市-大兴区-亦庄电信通-主楼-MD06,I14,10.142.141.76,10.142.130.7,Dong Li (李东8) <lidong8@le.com>,VR,V6 [CPU:8C 内核:16G 硬盘:360G ||专用集群（致新编译） ],kvm,,10.142.130.7,,致新业务,致新android编译,孙博(sunbo@letv.com),,,,
北京市-大兴区-亦庄电信通-主楼-MD06,I13,10.142.141.71,10.142.130.14,Jinfeng Long (龙锦锋) <longjinfeng@le.com>,TV,V6 [CPU:8C 内核:16G 硬盘:360G ||专用集群（致新编译） ],kvm,,10.142.130.14,,致新业务,致新android编译,孙博(sunbo@letv.com),,,,
北京市-大兴区-亦庄电信通-主楼-MD06,I13,10.142.141.73,10.142.130.13,Jun Yi(伊君) <yijun@le.com>,Mobile,V6 [CPU:8C 内核:16G 硬盘:360G ||专用集群（致新编译） ],kvm,,10.142.130.13,,致新业务,致新android编译,孙博(sunbo@letv.com),,,,
北京市-大兴区-亦庄电信通-主楼-MD06,I14,10.142.141.76,10.142.130.8,Liangliang Zhong(仲亮亮) <zhongliangliang@le.com>,VR,V6 [CPU:8C 内核:16G 硬盘:360G ||专用集群（致新编译） ],kvm,,10.142.130.8,,致新业务,致新android编译,孙博(sunbo@letv.com),,,,
北京市-大兴区-亦庄电信通-主楼-MD06,I14,10.142.141.85,10.142.130.9,Ruiying Li (李瑞英) <liruiying@le.com>,TV,V6 [CPU:8C 内核:16G 硬盘:360G ||专用集群（致新编译） ],kvm,,10.142.130.9,,致新业务,致新android编译,孙博(sunbo@letv.com),,,,
,,,,,,,,,,,,,,,,,
截止到2016/6/24,,65.75台x8=526台虚机,,2台控制主机,,,,,,,,,,,,,
,,,,,,,,,,,,,,,,,
,,,,,,,,,,,,,,,,,
,,,,,,,,,,,,,,,,,
,,,,,,,,,,,,,,,,,
,,,,,,,,,,,,,,,,,
